{"iphone-6s":{"top":14.09,"left":6.01,"width":88.4,"height":74.44},"iphone-7":{"top":15.25,"left":6.68,"width":87,"height":72.5},"iphone-6-plus":{"top":13.93,"left":5.99,"width":88.3,"height":75.1},"iphone-6s-plus":{"top":13.65,"left":5.7,"width":88.64,"height":75.24},"iphone-7-plus":{"top":15.27,"left":6.56,"width":87.16,"height":72.44},"iphone-8-plus":{"top":9.2474,"left":6.0017,"width":88.3346,"height":79.2237},"iphone-8":{"top":9.0917,"left":6.0017,"width":88.038,"height":79.363},"iphone-xr":{"top":8.725,"left":7.82,"width":84.8,"height":84.076},"iphone-xs-max":{"top":8.29,"left":6.62,"width":86.91,"height":84.076},"iphone-xs":{"top":8.725,"left":6.85,"width":86.71,"height":84.076},"iphone-x":{"top":8.725,"left":6.85,"width":86.466,"height":84.076},"iphone-5s":{"top":16.41,"left":7.11,"width":86.89,"height":69.73},"sony-xperia-tipo-4":{"top":17.93,"left":9.21,"width":81.27,"height":63.8},"ipad-air-2":{"top":9.06,"left":6.47,"width":87.06,"height":82.02},"ipad-pro":{"top":6.89,"left":5.19,"width":89.63,"height":86.12},"ipad-mini-4":{"top":6.89,"left":5.19,"width":89.63,"height":86.12},"galaxy-j7-max":{"top":12.77,"left":4.67,"width":90.94,"height":78.25},"google-pixel":{"top":12.95,"left":4.71,"width":89.64,"height":75.26},"motog-2nd-gen":{"top":17.17,"left":6.59,"width":86.51,"height":73.57},"one-plus-3t":{"top":11.86,"left":3.99,"width":92.01,"height":77.31},"vivo-v5s":{"top":13.69,"left":4.27,"width":90.88,"height":75.32},"galaxy-note-9":{"top":7.45,"left":3.27,"width":93.71,"height":83.92},"galaxy-s8+":{"top":8.52,"left":3.95,"width":92.38,"height":82.44},"google-pixel-xl":{"top":10,"left":6.8,"width":82.38,"height":75.44},"kindle-fire-hdx-7":{"top":11.25,"left":12.62,"width":74.56,"height":79.63},"galaxy-tab-s4-10.5":{"top":4.32,"left":6.53,"width":86.23,"height":91.3},"google-pixel-3":{"top":9.96,"left":4.35,"width":90.65,"height":78.55},"google-pixel-3-xl":{"top":7.25,"left":4.54,"width":90.43,"height":82.07},"galaxy-s9-plus":{"top":7.3,"left":2.92,"width":94.97,"height":86.12},"ipad-(6th-generation)":{"top":7.54,"left":3.87,"width":92.48,"height":84.45},"one-plus-6t":{"top":4.8,"left":4.69,"width":90.9,"height":86.5},"iphone-6s-landscape":{"top":5.17,"left":11.05,"width":77.76,"height":89.19},"iphone-7-landscape":{"top":11.55,"left":12.69,"width":75.17,"height":81.86},"iphone-6-plus-landscape":{"top":10.59,"left":11.13,"width":77.51,"height":83.22},"iphone-6s-plus-landscape":{"top":6.52,"left":12.16,"width":75.61,"height":86.88},"iphone-7-plus-landscape":{"top":10.96,"left":12.83,"width":74.91,"height":82.55},"iphone-8-landscape":{"top":6.2288,"left":9.0877,"width":79.363,"height":88.038},"iphone-8-plus-landscape":{"top":6.2288,"left":9.0877,"width":79.2237,"height":88.3346},"iphone-xr-landscape":{"top":7.538,"left":9.2975,"width":84.076,"height":84.52},"iphone-xs-max-landscape":{"top":6.44,"left":9.13,"width":82.15,"height":86.94},"iphone-xs-landscape":{"top":6.41,"left":9.2975,"width":84.076,"height":86.92},"iphone-x-landscape":{"top":6.27,"left":6.39,"width":86.67,"height":86.466},"iphone-5s-landscape":{"top":11.27,"left":14.11,"width":72.19,"height":81.34},"sony-xperia-tipo-4-landscape":{"top":15.21,"left":14.68,"width":67.16,"height":75.51},"ipad-air-2-landscape":{"top":6.09,"left":8.81,"width":82.49,"height":87.82},"ipad-pro-landscape":{"top":5.16,"left":6.73,"width":86.31,"height":89.52},"ipad-mini-4-landscape":{"top":5.17,"left":10.25,"width":79.38,"height":89.71},"galaxy-j7-max-landscape":{"top":10.69,"left":9.55,"width":81.41,"height":84.45},"google-pixel-landscape":{"top":11.66,"left":9.84,"width":78.51,"height":83.42},"motog-2nd-gen-landscape":{"top":12.72,"left":14.07,"width":76.58,"height":80.59},"one-plus-3t-landscape":{"top":10.54,"left":8.85,"width":80.5,"height":85.17},"vivo-v5s-landscape":{"top":10.97,"left":10.49,"width":78.89,"height":84.99},"galaxy-note-9-landscape":{"top":7.94,"left":5.32,"width":84.93,"height":89.34},"galaxy-s8+-landscape":{"top":9.77,"left":9.12,"width":81.92,"height":86.41},"google-pixel-xl-landscape":{"top":11.11,"left":10,"width":75.44,"height":81.8},"kindle-fire-hdx-7-landscape":{"top":16.12,"left":8.91,"width":81.98,"height":71.2},"galaxy-tab-s4-10.5-landscape":{"top":7.17,"left":4.32,"width":91.33,"height":85.9},"google-pixel-3-landscape":{"top":4.89,"left":9.86,"width":79.85,"height":91.04},"google-pixel-3-xl-landscape":{"top":5.14,"left":7.42,"width":82.01,"height":90.53},"galaxy-s9-plus-landscape":{"top":2.69,"left":7.87,"width":84.57,"height":93.91},"ipad-(6th-generation)-landscape":{"top":3.75,"left":7.53,"width":84.23,"height":92.42},"one-plus-6t-landscape":{"top":4.41,"left":4.91,"width":86.6,"height":90.88}}