[{"device_id":"DEV100021498722190251","name":"Galaxy Note 9","width":360,"height":740,"ppi":516,"scale":50,"screen_size":6.4,"slug":"samsung-galaxy-note9","manufacturer_id":"MFR100021498719908607","w":2960,"h":1440,"type":"emulator","os_version_id":"OSV100021498719908655","os_name":"Android 8.1","version":"8.1","resolution_id":"RES100021498719908625"},{"device_id":"DEV100021498722190253","name":"Google Pixel 3 XL","width":412,"height":847,"ppi":523,"scale":50,"screen_size":6.3,"slug":"pixel-3-xl","manufacturer_id":"MFR100021498719908610","w":2960,"h":1440,"type":"emulator","os_version_id":"OSV100021498719908659","os_name":"Android 9.0","version":"9.0","resolution_id":"RES100021498719908663"},{"device_id":"DEV100021498722190252","name":"Google Pixel 3","width":393,"height":786,"ppi":443,"scale":50,"screen_size":5.5,"slug":"pixel-3","manufacturer_id":"MFR100021498719908610","w":2160,"h":1080,"type":"emulator","os_version_id":"OSV100021498719908659","os_name":"Android 9.0","version":"9.0","resolution_id":"RES100021498719908662"},{"device_id":"DEV100021498722190255","name":"One Plus 6T","width":412,"height":892,"ppi":402,"scale":50,"screen_size":6.4,"slug":"one-plus-6t","manufacturer_id":"MFR100021498719908616","w":2340,"h":1080,"type":"emulator","os_version_id":"OSV100021498719908659","os_name":"Android 9.0","version":"9.0","resolution_id":"RES100021498719908620"},{"device_id":"DEV100021498722190254","name":"Galaxy S9 Plus","width":360,"height":740,"ppi":529,"scale":50,"screen_size":6.2,"slug":"galaxy-s9-plus","manufacturer_id":"MFR100021498719908607","w":2960,"h":1440,"type":"emulator","os_version_id":"OSV100021498719908659","os_name":"Android 9.0","version":"9.0","resolution_id":"RES100021498719908651"},{"device_id":"DEV100021498722190249","name":"iPhone XS Max","width":414,"height":896,"ppi":458,"scale":50,"screen_size":6.5,"slug":"iPhone-XS-Max","manufacturer_id":"MFR100021498719908613","w":2688,"h":1242,"type":"simulator","os_version_id":"OSV100021498719908658","os_name":"iOS 12.0","version":"12.0","resolution_id":"RES100021498719908645"},{"device_id":"DEV100021498722190247","name":"iPhone XS","width":375,"height":812,"ppi":458,"scale":50,"screen_size":5.8,"slug":"iPhone-XS","manufacturer_id":"MFR100021498719908613","w":2436,"h":1125,"type":"simulator","os_version_id":"OSV100021498719908658","os_name":"iOS 12.0","version":"12.0","resolution_id":"RES100021498719908631"},{"device_id":"DEV100021498722190248","name":"iPhone XR","width":414,"height":896,"ppi":326,"scale":50,"screen_size":6.1,"slug":"iPhone-XR","manufacturer_id":"MFR100021498719908613","w":1792,"h":828,"type":"simulator","os_version_id":"OSV100021498719908658","os_name":"iOS 12.0","version":"12.0","resolution_id":"RES100021498719908631"},{"device_id":"DEV100021498722190229","name":"iPhone X","width":375,"height":812,"ppi":458,"scale":50,"screen_size":5.8,"slug":"iPhone-X","manufacturer_id":"MFR100021498719908613","w":2436,"h":1125,"type":"simulator","os_version_id":"OSV100021498719908658","os_name":"iOS 12.0","version":"12.0","resolution_id":"RES100021498719908631"},{"device_id":"DEV100021498722190158","name":"Galaxy S8+","width":360,"height":740,"ppi":529,"scale":50,"screen_size":6.2,"slug":"galaxy-s8-plus","manufacturer_id":"MFR100021498719908607","w":2960,"h":1440,"type":"emulator","os_version_id":"OSV100021498719908629","os_name":"Android 7","version":"7.0","resolution_id":"RES100021498719908649"},{"device_id":"DEV100021498722190175","name":"Google Pixel XL","width":411,"height":731,"ppi":441,"scale":50,"screen_size":5.5,"slug":"google-pixel-xl","manufacturer_id":"MFR100021498719908610","w":2560,"h":1440,"type":"emulator","os_version_id":"OSV100021498719908630","os_name":"Android 7.1","version":"7.1","resolution_id":"RES100021498719908651"},{"device_id":"DEV100021498722190176","name":"Google Pixel","width":411,"height":731,"ppi":441,"scale":50,"screen_size":5,"slug":"google-pixel","manufacturer_id":"MFR100021498719908610","w":1920,"h":1080,"type":"emulator","os_version_id":"OSV100021498719908630","os_name":"Android 7.1","version":"7.1","resolution_id":"RES100021498719908624"},{"device_id":"DEV100021498722190228","name":"iPhone 8 Plus","width":414,"height":736,"ppi":326,"scale":50,"screen_size":5.5,"slug":"iPhone-8-Plus","manufacturer_id":"MFR100021498719908613","w":1920,"h":1080,"type":"simulator","os_version_id":"OSV100021498719908653","os_name":"iOS 11.3","version":"11.3","resolution_id":"RES100021498719908620"},{"device_id":"DEV100021498722190227","name":"iPhone 8","width":375,"height":667,"ppi":326,"scale":50,"screen_size":4.7,"slug":"iPhone-8","manufacturer_id":"MFR100021498719908613","w":1334,"h":750,"type":"simulator","os_version_id":"OSV100021498719908653","os_name":"iOS 11.3","version":"11.3","resolution_id":"RES100021498719908623"},{"device_id":"DEV100021498722190211","name":"iPhone 7 Plus","width":414,"height":736,"ppi":401,"scale":33,"screen_size":5.5,"slug":"iPhone-7-Plus","manufacturer_id":"MFR100021498719908613","w":1920,"h":1080,"type":"simulator","os_version_id":"OSV100021498719908642","os_name":"iOS 10.3","version":"10.3","resolution_id":"RES100021498719908620"},{"device_id":"DEV100021498722190210","name":"iPhone 7","width":375,"height":667,"ppi":326,"scale":50,"screen_size":4.7,"slug":"iPhone-7","manufacturer_id":"MFR100021498719908613","w":1334,"h":750,"type":"simulator","os_version_id":"OSV100021498719908642","os_name":"iOS 10.3","version":"10.3","resolution_id":"RES100021498719908619"},{"device_id":"DEV100021498722190208","name":"iPhone 6s Plus","width":414,"height":736,"ppi":401,"scale":25,"screen_size":5.5,"slug":"iPhone-6s-Plus","manufacturer_id":"MFR100021498719908613","w":1920,"h":1080,"type":"simulator","os_version_id":"OSV100021498719908640","os_name":"iOS 9","version":"9.0","resolution_id":"RES100021498719908620"},{"device_id":"DEV100021498722190207","name":"iPhone 6s","width":375,"height":667,"ppi":326,"scale":50,"screen_size":4.7,"slug":"iPhone-6s","manufacturer_id":"MFR100021498719908613","w":1334,"h":750,"type":"simulator","os_version_id":"OSV100021498719908640","os_name":"iOS 9","version":"9.0","resolution_id":"RES100021498719908619"},{"device_id":"DEV100021498722190206","name":"iPhone 6 Plus","width":414,"height":736,"ppi":401,"scale":25,"screen_size":5.5,"slug":"iPhone-6-Plus","manufacturer_id":"MFR100021498719908613","w":1920,"h":1080,"type":"simulator","os_version_id":"OSV100021498719908653","os_name":"iOS 11.3","version":"11.3","resolution_id":"RES100021498719908620"},{"device_id":"DEV100021498722190209","name":"iPhone 5s","width":320,"height":568,"ppi":326,"scale":50,"screen_size":4,"slug":"iPhone-5s","manufacturer_id":"MFR100021498719908613","w":1136,"h":640,"type":"simulator","os_version_id":"OSV100021498719908653","os_name":"iOS 11.3","version":"11.3","resolution_id":"RES100021498719908621"},{"device_id":"DEV100021498722190200","name":"One Plus 3T","width":360,"height":640,"ppi":401,"scale":50,"screen_size":5.5,"manufacturer_id":"MFR100021498719908616","w":1920,"h":1080,"type":"emulator","os_version_id":"OSV100021498719908627","os_name":"Android 5.1","version":"5.1","resolution_id":"RES100021498719908624"},{"device_id":"DEV100021498722190151","name":"Galaxy J7 max","width":480,"height":854,"ppi":386,"scale":50,"screen_size":5.7,"slug":"galaxy-j7-max","manufacturer_id":"MFR100021498719908607","w":1920,"h":1080,"type":"emulator","os_version_id":"OSV100021498719908629","os_name":"Android 7","version":"7.0","resolution_id":"RES100021498719908650"},{"device_id":"DEV100021498722190187","name":"MotoG 2nd gen","width":360,"height":640,"ppi":294,"scale":50,"screen_size":5.2,"slug":"motog-2nd-gen","manufacturer_id":"MFR100021498719908615","w":1280,"h":720,"type":"emulator","os_version_id":"OSV100021498719908626","os_name":"Android 5","version":"5.0","resolution_id":"RES100021498719908624"},{"device_id":"DEV100021498722190257","name":"iPad (6th Generation)","width":768,"height":1024,"ppi":264,"scale":50,"screen_size":9.7,"slug":"iPad (6th generation)","manufacturer_id":"MFR100021498719908621","w":2048,"h":1536,"type":"simulator","os_version_id":"OSV100021498719908658","os_name":"iOS 12.0","version":"12.0","resolution_id":"RES100021498719908643"},{"device_id":"DEV100021498722190250","name":"Galaxy Tab S4 10.5","width":1138,"height":712,"ppi":287,"scale":50,"screen_size":10.5,"slug":"samsung-galaxy-tab-s4-10.5","manufacturer_id":"MFR100021498719908607","w":2560,"h":1600,"type":"emulator","os_version_id":"OSV100021498719908655","os_name":"Android 8.1","version":"8.1","resolution_id":"RES100021498719908661"},{"device_id":"DEV100021498722190218","name":"iPad Air 2","width":768,"height":1024,"ppi":264,"scale":33,"screen_size":9.7,"slug":"iPad-Air-2","manufacturer_id":"MFR100021498719908621","w":2048,"h":1536,"type":"simulator","os_version_id":"OSV100021498719908653","os_name":"iOS 11.3","version":"11.3","resolution_id":"RES100021498719908643"},{"device_id":"DEV100021498722190222","name":"iPad Pro","width":1024,"height":1366,"ppi":324,"scale":25,"screen_size":12.9,"slug":"iPad-Pro","manufacturer_id":"MFR100021498719908621","w":2048,"h":1536,"type":"simulator","os_version_id":"OSV100021498719908641","os_name":"iOS 9.3","version":"9.3","resolution_id":"RES100021498719908642"},{"os_version_id":"OSV100021498719908607","name":"Windows 10","version":"10","type":"desktop","browser_version_id":"BRV100021498722190192","browser_version":"44","code":"ff44.0","resolution_id":"RES100021498719908612","width":1366,"height":768},{"os_version_id":"OSV100021498719908656","name":"macOS Mojave","version":"10.14","type":"desktop","browser_version_id":"BRV100021498722190192","browser_version":"44","code":"ff44.0","resolution_id":"RES100021498719908616","width":1920,"height":1080}]