{"file_hashes":[{"block_hashes":["CjPeen4TOft9d//lKPD54QREMD2NqIesgMUoHaU9oWA=","UE78jl+6oOLWENsclA0unBhIb14SJzq1/9WqZRFwN74=","A6TBIfhnIR5+BMhvBFjhX1Y47SuoeQWDitSHtJHNL2s=","P1vCoBxS2AW3MT+ZqU42zGBJwwUcczse/PM2bLJykpk=","j83t2jYOb1UnALkLC7bZash/xw6gHzUQuno4Cb9l0Uc=","OP1q+F7RsI5PEjKrik58fKFfWB3Ivubq0/IiVNCYMDI=","VTTl4yuy6+7epoG4AFs3k32ZNIVQnBHm5KXvH8qel6s=","gVlKZXiT3EeMlmne0HdkoTwdkz6q37SnjsAKredy8e0=","9R4/j1w1tCw7xCuX/yJ7NRS4Z6jATwDO2/TeV5/Z5Xg=","MEH+vvWXqnVHZad6putZhMhn8cSLnr1n4DQIeCq6wtg=","7t+nZNKkYdUDxf3rwjxTntuHBxGrKl7wAkr/vLvYDuQ=","w6CBwVajUniXHmNSWOhL9x1bb78ZMRkS2heSsWeEQik=","iXXeZdla7sw002oX1MRp92Hnl+agudhenDap6HZhS+k=","ko1m7vRJ8XVXmIElteSe1TsnpuIWVWP3U6v+4rWAPM8=","0c225Z3sAFTmxBkQ2HdkhjDknNnpy5ea8C+S+6zCLgM=","/mzwj+RA0qd1UJawG83mYZdgEYtCNOnLcvC5JbYYgR0=","BAO3DEgkmORD72WxjP09aGeoIcvQp+S66o2Ne1cbsW8=","ZHXm7h7yq5KjeIOqchtV/ZyJIKGocLwJ6CN0EigRmMQ=","t3ZHleI3/9VC2B2G22ZNNHNc5ZPKpu8q1HavIauWgfM=","zBR7ekJ6ZUeJXHFNxzC1DY3bMdZ+htmLVwBS2UKhEUE=","fq0O97fP2vU3PWqBNOfXyJBtqxXoPJTlUd0BNCnuPBU=","VSTdyluKyuBXDqWY47DZZ/lH9h9BW0ZwiDX1RUB8f5M=","VYI+fUjRVDh1pUvNb6b8c7HtH2W9iqnyzDzk0JtHXTk=","in5L5FgLNnaq1WK5FkQmwUAx3vB7bt3Z1OHzU41t/3M=","+8aprxSrScgd9SM1imsFij3tx7/+1Q5/06orEdXdEvY=","fIJei9wndTtFhwwZheowes2sXKvnPJtg1Qgdt6MSd84=","r70KWVGNjZgGyQQZRxMTupTQEBV0KlG5nLyvdmo0Yo8=","qvMMrsCL6YH/rovvKLOM23x2WklSa2fOvGZevwHrUis=","JDw+3gsYwd3bmsTpiwZqdhAYL8XGOvKCNcOT9M5QWUc=","ktcRFXM0ukIcV7C4FGaYilkO6wFx/eVb1xTkw8K2eXY=","s32D1cOm40+81HrfjSB1TryOb4nWcor1MtfrwFgqlhY=","zkWlz3abp8/uhlbO/S5A9XoyBH+h8rw73qN60vmhw08=","uxNE9ip5WReJmrtPVo8+GHQyo8a4nXt5zDMUdPxVfYY=","iNb0E6elC0/RD81UJcrqtjciL49gg2QlZjBnyS0r44U=","1GmtdvnkQK/fVf7AYZhOhDonJLkqZd8D4ai4jarXgFY=","qG7BDwHaIFhoaGkgqozsxOeXGu+XS25R1N/fg73Lg0k=","PRTDTlvDEng2Hv0XxmhGwL20Hc31LBfd/+kzkhlCE0M=","TdjJB7RNDV4ayk7K/tZPE+ovnoh2/R1m2U0lVl3F69s="],"block_size":4096,"path":"assets/css/bootstrap.min.css"},{"block_hashes":["EbHcz3nXVXUi2/RyQDRyeTeWYkqTwoscdnX7IXRW1Js=","/5bEvwx3GEMFnD/BoZSfyUaZv1ZGadxOH7533opbM3o=","jFYgPbphP4kJpYy/iERUpyR9ySax2Xe38q/2+6gxdOg="],"block_size":4096,"path":"assets/css/common.min.css"},{"block_hashes":["gQ5vJk44+wcXm8wLOd+jWTMVlLYWxXkAueWJqtmycHk=","urBhwuqlyzHlV50Z4/va7FhtxfDvSyUkvqn0u1yn3Zs=","atcaKrB8LhHlyPfiTuk83db7FCplp3yWHoklXRYTRWc=","Cjfqe+D6jb4KK9wDzkgvnZGclisnmijtevSfTM/iYj4="],"block_size":4096,"path":"assets/css/native-divice.min.css"},{"block_hashes":["566QyulGbWmv75D4baJ6bv1I9YLJmhVDpNtBXjJikG0=","OvNbI/8txjZ7dK74OzQh8bUotKl6XfL6C1YP737Zd/0="],"block_size":4096,"path":"assets/css/screenshot.min.css"},{"block_hashes":["WHKDj9Rhdk2TvwBWqhrgxaBHYAZ+dKKy+b5qmCKCTWQ="],"block_size":4096,"path":"assets/css/thumbnail.min.css"},{"block_hashes":["qywa445AR9LFuM8ckc/TlfoZZnyCL68HdzLY82TZtjA="],"block_size":4096,"path":"assets/css/welcome.min.css"},{"block_hashes":["zQqgax7s4YYE6oFJm2QkD5NiBX2AArwZdvmGImyGL0U=","x7yoXVagEHoaoj1TvwG+mXDLGdy2rlbkfefz+MuoPIk=","4m+KcqHyEqhZfhHRYdjvcMaLiWmq8kG57dnXFBM8yA0=","KFWQQrTm6nQDPIym/tMw9LHjVPqow07H12dX5G14Ib0=","nTC4avYu3XPKfdxZbZiYtW2+LD2L5LgJDu6ZYlpFIyA="],"block_size":4096,"path":"assets/fonts/glyphicons-halflings-regular.eot"},{"block_hashes":["DUIK+6TJHoEp2jz/YLIV7zUkVM/ZxwjyQWYnxBK509s=","EaJIT3GtLhdhg3tvJOYn2P5dzS5C8vr5AokL0ONmLHw=","sZ2L1G/3/cleL14J4US8rGlHj16NufwMNPSIjVnTHrg=","D67Vs5rnX2UVs/mVKloFe104qDdbYSpKnsvvmEOTBeo=","/cQP0QfV0v8engQgw96aXcauED4PXSEW4W9S6bvL1wE=","KyVrij5QPBLRcH4ES964CFj70Qjnp5tEHvOmfoxsP1w=","8f2TqS2fzr1gMc9BZg9Vw3JBiPHL5OD5q18F7m3JTow=","zo1YtWhNsKfH252COTV+Oo4tPmMD96L9hsMi7OQH0vw=","fi5ZEmMqb2V5Qoaf24KlM3HQ/zqZla+VBjZgQ2mxKW0=","QM2Aa69qUqql07oWX9DMbQfjfcuq8hGnm33gqQtCmzg=","G0c5Dkpv4bg0FSJOyi5ME2wzkxlilFBr6PAi3YOvfq8=","9a+NSOts/TGc3gOqJ7QPe9brvs/WaSIY5XRuW97SLyw=","Li2Wv6bY1qzBMWp1xdFfwVV3c5tfGa/UL8ZdIlfdFI8=","cWMV4XRYcbngrUYyt4TZFVW95aNZbwq/TH9OrW6rghI=","N7+GuiEpFGIxP251yQ7F1ktL9AAw2FK5fytwYuXrEjg=","wf1EEOHe+LdZ9bji09Iy//Vm2S/i0nYVxaacyowVSzU=","7xeSE89C6U+5W0sG/HeQZgIXDyVHhACxTumhnXAVE08=","I+IAGMaeqIebb7wNmSy0RFPaxXZHgwYkJfIEIuxBB4k=","4OzGv6KDnHXtmeWmyUML2ktNgtfjC4OsBS2Nu6nQ3s0=","rSKPol330BImFqKWPMfOaJgc0C7tmOE3+zmVseTXBsw=","tDVjIBbSVzLhvpAxWvj+o4w7lfVYPWoq6p/dEk8DGtI=","FPyIC609pdpgigaTauAOeKLZCCxrb8h6y2fqVw1cJ7o=","9+gYNgInDhMyGt80U7vGLoEfsH3oj7sltR8ZCVYo8rA=","QnfWd0GlbASOFt2Kihp990OjxjkT3tdJ5D5C8exUS68=","ag1P5rQCyxd/ZaHxTOU496h7VV4WfNDnzreGElkfmVg=","ZOh5vratCC7AkAR+YvKNcxrvGGzTxLCde/LIJLbHzxs=","WlIwEEGsSgfslJRC+VGcwQ+q42sWiDK9iBQh/a1K2BU="],"block_size":4096,"path":"assets/fonts/glyphicons-halflings-regular.svg"},{"block_hashes":["UQj8MednkP0CqG93+1hlZyJQIciadgSIQlkzFPuqO9g=","3sCb/Ral8Y5shh+upo3ZR7gr1mI0msBjOtDvOfWSP+I=","ejnIlqNn6/Fakv8AQUVxAkrgSsRImTiQFmAxopjNdFA=","+L5zRUb1EB71EhgV9Fxo7ajdmKMcnq0SyZpyT7wIpa0=","IO8iChrU81ZJhPRC6q7d3V8L9CPoB1txCv0XP7JVAxA=","CkfllfXJ/oRgYeBZaWZ5d96ndjSzl8uktfNuiv1gTu4=","29HrB/SGUYYSTJfZRctxQgeEQKIY5UF1eMTNg84xLEE=","Jg3FaCS6EeWIDET69KrSbR1aejV8kl0tE3UqO4R26eY=","x8uslvxbe193tQlYrst8RFjBUqIqo4lWWnW9/zH5CDw=","c2hlBrl5UT79AV+ypuEeUmx8Y8awJLYlL4IKv2zvYbo=","6JyPFL+/Cyoa5sGRXhW1wsrYQJLnoo1S8zgxfOF2Pdc=","qRF25AvxvZp1VJbl5MM/5EG52WJw/1IQ7moAS3vhzVo="],"block_size":4096,"path":"assets/fonts/glyphicons-halflings-regular.ttf"},{"block_hashes":["tZ4ReWw8lCN2x7lofUv3C6dqWH6iSH/i11YX7TMQ5jk=","3nCWhpueUFCeWduPaAaHIbx+gr8PorpnNeF0WBj+zIk=","AqugiJ1m1SQmGNLvZbpRZIHbL9z5p7VhEK7UC4s7ZZU=","sb08tG9DMsNqVy3eOd2ib2hsodvpCoUv0r4as5suLtI=","2+NvT+M34sDgWPMgxomx5GN1VcQgWyNlBwfFDex9LcA=","XS/N5mwnDp03UryRNjDEs1sjZjMxjPZAvaoJ64oemLA="],"block_size":4096,"path":"assets/fonts/glyphicons-halflings-regular.woff"},{"block_hashes":["x8H3vJO6KKS4+GI97KSNjgGFZClwivRQxhVB7hJ7mhk=","cjmKtvlezysLIrcpUjE1/eezGj3QOxsKL94t5eAMPWg=","okvqaADJ1XLyLubudIo4/jmMtmadT6ss2+qdKKQwdzA=","Grvfrctd0d2maQtDOhpGdNTeLMbSu/bbhsuJ/7Z6eGc=","tK+KazDXXmTkYt0j95d1yTYiDsPJH0dZrBuXp8R9XMc="],"block_size":4096,"path":"assets/fonts/glyphicons-halflings-regular.woff2"},{"block_hashes":["DlVf3s+ccdcNEn36p9VKstlzK9yOS0J1eNHeiGz17tg="],"block_size":4096,"path":"assets/icons/android-green.svg"},{"block_hashes":["C1Z92bp4qkGNqI+lqlO8AixXOFZzOCyQMHckxCvzeV0="],"block_size":4096,"path":"assets/icons/android-grey.svg"},{"block_hashes":["Ob06y5b8b0A8VSNDgDB9vsJHhYoMY1txFjKj9p1qCbA="],"block_size":4096,"path":"assets/icons/android.png"},{"block_hashes":["7IzhM0IIuZEjmDh3Err1BiK3pxxt0LAbr/1ZJjHI0OU="],"block_size":4096,"path":"assets/icons/apple-aquamarine.svg"},{"block_hashes":["QAJQMc0+uF6DNtSKctTaEjaGns2+kHHVtf4rR9eUpq8="],"block_size":4096,"path":"assets/icons/Apple-C1.png"},{"block_hashes":["yjv7iiJoQ6J0yacvKr4WYcCY6bRF5xddOoq5UXDH930="],"block_size":4096,"path":"assets/icons/apple-dark.svg"},{"block_hashes":["VfRsPnuE7ILQiOFaLnfVRGjxquNpt9uHBaudv94wlIE="],"block_size":4096,"path":"assets/icons/apple-grey.svg"},{"block_hashes":["KymdSPWBVOYdeC+i6C3cry3AKNFWeztRByKrIlcPuR0="],"block_size":4096,"path":"assets/icons/Apple-W.png"},{"block_hashes":["Fw2ptIm0M9qnazYpnLB9e4LrBEfSJk6bbUMXGNDMPp4="],"block_size":4096,"path":"assets/icons/apple.png"},{"block_hashes":["1rsX8nMx1Q26oBtvdFQhF4v4tgKzoBfklbv4AlekKWw="],"block_size":4096,"path":"assets/icons/arrow.svg"},{"block_hashes":["vYnc1+gg8QfsFG5k5RhO5czto2h07bNM3ht2s+XLPvs="],"block_size":4096,"path":"assets/icons/arrowDown.png"},{"block_hashes":["p1OlM4POgalTVOYDO67fTajrdAtjNpHYfQblR4ArkDo="],"block_size":4096,"path":"assets/icons/arrowUp.png"},{"block_hashes":["PM7bN1IW2q29Z0l+racbf+e5vqDyRhFqkeEA808FNz8="],"block_size":4096,"path":"assets/icons/browser-copy-6.svg"},{"block_hashes":["5fXMMohsWKdfP5/eqbhgluvvduXx+Z1XGlL5DD0xgwk="],"block_size":4096,"path":"assets/icons/bucket.svg"},{"block_hashes":["xKplfiHssPLSBALXCN3bZuXL9zX0UKrkzuWX/lyxQuk="],"block_size":4096,"path":"assets/icons/button-check.png"},{"block_hashes":["J2Oj0o/Yp33AxiPJK1PxIJjGre7Okk1tPdMwPHcef6M="],"block_size":4096,"path":"assets/icons/camera-hover.svg"},{"block_hashes":["0L1LxcUmpM4w9MLNeP23KONNWN+5IaK9Lit7SVO9RN8="],"block_size":4096,"path":"assets/icons/camera.svg"},{"block_hashes":["4e/TButV1qRefwOwyBlnmWD43H8PzfveRwOrLJGdfDM="],"block_size":4096,"path":"assets/icons/capture.svg"},{"block_hashes":["9B3clNH0cBfz3v43Q5KjGtrPzc+8S0w3vp/+pFjU/lc="],"block_size":4096,"path":"assets/icons/chain.png"},{"block_hashes":["Xl5O/jvWsMXYm6HPRFKZV7/FgOsqqunnlHsL6m2j0dQ="],"block_size":4096,"path":"assets/icons/check-not.png"},{"block_hashes":["R6HHrqCVghVQS6IeH5qQbsyFXc5v7fIJh6hg6iqaRGQ="],"block_size":4096,"path":"assets/icons/check.png"},{"block_hashes":["5nD9yvjNRnqaGmfppcH3MogIn1ncCAMbEY3Cb70jPIA="],"block_size":4096,"path":"assets/icons/chosen-sprite.png"},{"block_hashes":["7cKXNZ/opfbuC8Shq8Ns5KdzEEqSJeF7vlkvggxhenI="],"block_size":4096,"path":"assets/icons/chosen-sprite@2x.png"},{"block_hashes":["0l9xMtoMjbc6bw1EWqN0QcUkUVH463QeiCQI6n5SpcA="],"block_size":4096,"path":"assets/icons/chrome-coloured.svg"},{"block_hashes":["TQ7f5Ykl4qz6LuIMHqvK4+FSzuwZTYI/4o8TmTUn3dQ="],"block_size":4096,"path":"assets/icons/chrome-grey.svg"},{"block_hashes":["6Wv8jvUBrwYTO2xeRtxDbFPykg5GtyA8/bRdPNp4HvI="],"block_size":4096,"path":"assets/icons/chrome.png"},{"block_hashes":["9OCN+0mrGo4G4Iw0rvkvgPqcwcJ0vQj/mqTcX3rnp/Y="],"block_size":4096,"path":"assets/icons/chrome.svg"},{"block_hashes":["1vWH6FvALo66O2M0XUPy/LrZYzhpe018kbFJoQq4QHs="],"block_size":4096,"path":"assets/icons/Close.png"},{"block_hashes":["wxj8erTXpp2eUwASAdFbZRTPwbEcm7R3ATbrC97FOX8="],"block_size":4096,"path":"assets/icons/code-hover.svg"},{"block_hashes":["BwwkbcAQPhrM+3Jcgb5gwc49Vjijxig8yj2l2R8WSM4="],"block_size":4096,"path":"assets/icons/code.svg"},{"block_hashes":["vZHvjzfs+zDvQX75M+xnnWSVLuC0Eev8guaD1WhAbL4="],"block_size":4096,"path":"assets/icons/computer.svg"},{"block_hashes":["VbYAW++yzQWMEuXNPD3ZdSJcjQhk1HuhTNMpfke31CI="],"block_size":4096,"path":"assets/icons/cross.svg"},{"block_hashes":["oLIgN/+murBbHyAXtc0suPB23Rc63eTKxa3WZlI3hT4="],"block_size":4096,"path":"assets/icons/dashboard-active.svg"},{"block_hashes":["XCxioMy/hv63Hd0Qq6zDP9KXNWWSUek1F+1hUPfH3u8="],"block_size":4096,"path":"assets/icons/dashboard.svg"},{"block_hashes":["DSbnwd0YjONI1wFVE2beqg+HoV4qxfGtEFly/ipEYMY="],"block_size":4096,"path":"assets/icons/device-image-capture.png"},{"block_hashes":["87oYayZF6DnZBQuh2lcVVmT3h28c5HI0+U/IGvsePA8="],"block_size":4096,"path":"assets/icons/device-landscape-disable.png"},{"block_hashes":["CkJ7kUxmFsRdDtcKiq1D8RAjYzFMFQLPT6f4DnfNBDA="],"block_size":4096,"path":"assets/icons/device-landscape.png"},{"block_hashes":["/wfUw8id+KvKm47zwaUsNOFwqW2YVUbSds0HQEdvwaM="],"block_size":4096,"path":"assets/icons/device-portrait.png"},{"block_hashes":["hYCKxQWTmqHz1SLeZumin3ZNzEiJqhjA8g3/UP+GY60="],"block_size":4096,"path":"assets/icons/download-all-edit.svg"},{"block_hashes":["dzqjPel3cJRGd//gkr+8f20seTXK6zJQUKMSoUgOmIk="],"block_size":4096,"path":"assets/icons/download-all.svg"},{"block_hashes":["r7juOSRPFkW0Myxdaa9WzTrprOy/B+LteWJblN4wWxE="],"block_size":4096,"path":"assets/icons/download.jpg"},{"block_hashes":["Y4pbVMgeHRkJYCIaVxiXEAeBXOt+godcRg2mOkpDy8g="],"block_size":4096,"path":"assets/icons/downloadAll-0.png"},{"block_hashes":["XV5vrUdcnXnfw6rC6eMRzTDCdyv+6S22ESrMxdQASoA="],"block_size":4096,"path":"assets/icons/downloadAll.png"},{"block_hashes":["zhFNi5LduoSiB/LUIXfdWOk4pFmgwGcEq++tBL7BJ3M="],"block_size":4096,"path":"assets/icons/dropdownArrow.png"},{"block_hashes":["aN10tUFuYsv2nSWe2nLz0iVvZCgT8gB4iqhMo8GdseM="],"block_size":4096,"path":"assets/icons/edge-grey.svg"},{"block_hashes":["imU/RPuM3zRfmk/2bwAcZelz9z3GRCeHbe530Rad7vI=","PsfqJal3z5oPy2Y1Y4SM8lrl1uYAQYB+BWIwrrKWUgE=","NoIXaOpMGQf2blLtvAyMDvpthMsDurb2aSkN2SGiJEo="],"block_size":4096,"path":"assets/icons/edge-large.svg"},{"block_hashes":["ktSjcxUifLADNFQZUWn1zBFhlcF9MDzTx5QQuCsvPaQ=","vBzZHaTU8BBOU2gfMDoih1v6XB2cVmlRPUU409wjETU=","bLRPAbzvHWCyNOVgsmw1xLlwDbuVeL82irog/tsR7lo="],"block_size":4096,"path":"assets/icons/edge.svg"},{"block_hashes":["JFJHsveS8ar6IFmHVlA7nuppCAOItASCBOM25Cb6lng="],"block_size":4096,"path":"assets/icons/elipse.svg"},{"block_hashes":["eXT2H9SK9KyuGw75ce7i0joWeWgygOyBesj4Yp4fEmY="],"block_size":4096,"path":"assets/icons/enable-tunnle-gray.png"},{"block_hashes":["+YC59fb/4zXEcAXuNS0sr7EYhNglIprWqfSRwwDNB0w="],"block_size":4096,"path":"assets/icons/enable-tunnle-green.png"},{"block_hashes":["WBgktTCiV7PdNUFUTNLo+GV++VgIm9shCqYU61+zUX0="],"block_size":4096,"path":"assets/icons/enable-tunnle-yellow.png"},{"block_hashes":["/I5Dz9umPex8zNAxzYJN1D6/zSuWEsVOgqxj6Ofv27E="],"block_size":4096,"path":"assets/icons/eraser.svg"},{"block_hashes":["qoFU/BL85eOm2NTfsM8k/85TKQ//Co7jQDVjxoNNDwg="],"block_size":4096,"path":"assets/icons/expand.svg"},{"block_hashes":["AmCBP35xPnnUfeSOvL723J++vG0wCBYHXE65bc1R2lI="],"block_size":4096,"path":"assets/icons/faq-icon.svg"},{"block_hashes":["u8J0W8WX6MsMS6YsmBj0KiCGXgaJDweJTtOtE82mZ2k="],"block_size":4096,"path":"assets/icons/faq.png"},{"block_hashes":["JsdJCctnmj8PzQ9wIOUXuhvfAJcxiQg9OP+AazRI4jA="],"block_size":4096,"path":"assets/icons/favicon.ico"},{"block_hashes":["/HhRY0Kk/TtV3MkC49W6j5bYo2g8GwpyBT7Ysfsy2Mc=","OkDDpSSdAFHHliWI/VziU+9jl6lP2CnF+ctXmBgkUjQ="],"block_size":4096,"path":"assets/icons/favicon.png"},{"block_hashes":["zS/Ad8aFeFooM5+3ZFpZaMhXk8EMnk1a7rp2aKD4Z3Q="],"block_size":4096,"path":"assets/icons/filter.svg"},{"block_hashes":["+CBTJjzbvu5fRLFZDTPtwAzts7PDtXyrRFMtVhjySKA="],"block_size":4096,"path":"assets/icons/filterArrow.png"},{"block_hashes":["mlHP/lt1uClnajn9tHm1VZBPqVDdw3BtKRgSdYOOADw="],"block_size":4096,"path":"assets/icons/firefox.png"},{"block_hashes":["Fp4hsUQq+boKXS3/G2qGGcMWEW7Fcx37p0uFrM2EVt8="],"block_size":4096,"path":"assets/icons/folder-hover.svg"},{"block_hashes":["Qbe+M0175wKtuRHtGRDarqxegYLcIJlHyXh1B84EJWs="],"block_size":4096,"path":"assets/icons/folder-white.svg"},{"block_hashes":["9Qp48sk1FWieiSE2wb9vqjxDPbfgtOyIQbJCw6Ys4xg="],"block_size":4096,"path":"assets/icons/folder.svg"},{"block_hashes":["m4afWhK0Hvng4CAlqz8miWljMrzGVW9JfjjZFvEM9VI="],"block_size":4096,"path":"assets/icons/full-off-screen.png"},{"block_hashes":["du/V3xVft8dkY4kAcDr03+4AIBO8kfcnnwXJyIQNq3o="],"block_size":4096,"path":"assets/icons/funnel-active.svg"},{"block_hashes":["nB4VaxmgLjkh8tP/eMWpblcSdlmjvTBdj5G2vfyQfcw="],"block_size":4096,"path":"assets/icons/g-color.png"},{"block_hashes":["euuYXH1Jltt4ypjF/i6i8HhJmI4e7rgjvUCcdlQy9WQ="],"block_size":4096,"path":"assets/icons/gallery.svg"},{"block_hashes":["SHqagUoegagNNCHZ64LPoY+H1VsNDTNwYJcao3bbTL0="],"block_size":4096,"path":"assets/icons/generate.png"},{"block_hashes":["mMRlCBwJ8ntN2zQqu6XlWRbAL9YA+FXXSLMl+czs2fc="],"block_size":4096,"path":"assets/icons/handi-cam.svg"},{"block_hashes":["5BDqraGt9ntW/MqXERzEtejNLzOn83mVz+iLKpg8lyw="],"block_size":4096,"path":"assets/icons/helpline.svg"},{"block_hashes":["2s0wC23B+nFbU78GBGsIa06UMT1J0bAytkOGZvXKuU0="],"block_size":4096,"path":"assets/icons/hipchat.svg"},{"block_hashes":["j9sPSVieYhIcrRZcRxAxpUTq/N/te7wsNXyJIuGxzQk="],"block_size":4096,"path":"assets/icons/i-hover.svg"},{"block_hashes":["5VMbhCGP2fb6pYoyOYgOCgXnBpDm43e9pKluZHbWqq0="],"block_size":4096,"path":"assets/icons/i.svg"},{"block_hashes":["r2QCvW0Zl9Dxz0D4QAP46nKzw4pkoXqhN6Stmkt00fs="],"block_size":4096,"path":"assets/icons/icon-server.png"},{"block_hashes":["Rl47JthA2soDJjE9+YjTO4E0uW+/pz/phMoMAeQWy3I="],"block_size":4096,"path":"assets/icons/ie-coloured.svg"},{"block_hashes":["fWfb/s7lYGLzBH8SsKEYUBqxYWrvw86WcvmTbWbCF7o="],"block_size":4096,"path":"assets/icons/ie-gray.svg"},{"block_hashes":["ZfCFCyWYq9vAvrUZUPgMcptJg76SNHYk5Vm8yOGLj30="],"block_size":4096,"path":"assets/icons/ie-grey.svg"},{"block_hashes":["sG4Vd2+NTFU/z1PIqJthEaGNuc8uv/C/ZTrI+8aOCko="],"block_size":4096,"path":"assets/icons/IE.png"},{"block_hashes":["unKJGTzq0mrOCYBm88y1pW1qZDJdg+CO12Xq3WpvvNk="],"block_size":4096,"path":"assets/icons/ie.svg"},{"block_hashes":["rkHU539mcQ3oZIJHZ5iu4EymOOI4J9mfNi2HL9f6Y0s=","FyHuCzIq7NRl+g5Bq25YhYQ8124CWuNPHp088/sv7vk=","eIOJV9wHeRII1HjjFlcthkOvme7x89xE84WNk+9RUkY=","NELLVBrWjvlPtiAi6ltuoNbOvHAEu1E7f+yKS6+/ktE=","cLm02YbXuba9Fs+mmbNe8W6CYl6hWUcWlRWLSj/peEM=","kRoErISLbXBS/OZsDeQ021sRvviTJ2DFiMgkAcj2ihw=","fUO1q13Iv7oAulroBpO9/BN/IdYZTf/rkG/czqRfPR4=","y2kzEQUAu0X+/LRsEVdYcwfLZFmdBZIEkpZuPt2niEA="],"block_size":4096,"path":"assets/icons/img_loader.gif"},{"block_hashes":["scYQZWErA6voIzBmqGg7acuSKFMX/KOS/uhIvx4H0Nc="],"block_size":4096,"path":"assets/icons/info.svg"},{"block_hashes":["yJtb5FbDnda/P25JM81vYrZd3B2W31CGpS0xaJyLskY="],"block_size":4096,"path":"assets/icons/invalid-name.svg"},{"block_hashes":["nf2Vk+Ogh2VHt3X/8lYpMoxYeGKQ6digy1YktRMAkhY="],"block_size":4096,"path":"assets/icons/issues-status.jpg"},{"block_hashes":["PRhV865PythDQWNqOWCei3wBTtJUVLthYRM4jdsf6Dg="],"block_size":4096,"path":"assets/icons/jira-icon.svg"},{"block_hashes":["fojECk8uWp0c6Xw4dqSZspJ4bo/j4jcrayZiFxwAl8E="],"block_size":4096,"path":"assets/icons/lambda-icon.svg"},{"block_hashes":["tfBnRDuH+sjTqQJwoqbb0Lz4bKJ9nLjXA3E54ydYD74="],"block_size":4096,"path":"assets/icons/lambda-logo-icon.png"},{"block_hashes":["kb6Iw+QrafrXjtLthVwoNqXRrXToh80fzA+BP6Q8kqg=","UmOPiqjxIaiACPwpPqoBTdmy9euD/ex8y7pSzFJLtcQ="],"block_size":4096,"path":"assets/icons/lambdatest-logo.jpg"},{"block_hashes":["k6yzkX3xBNzJFeu7l4aYxrQQa6io31RzEMSHYFLjoXk="],"block_size":4096,"path":"assets/icons/landscape.svg"},{"block_hashes":["c8EcTMJIgTbfsSBKS/1LH+7HmLabVjHS/t+XhvoUtwI="],"block_size":4096,"path":"assets/icons/latest.png"},{"block_hashes":["jxmkMXsH2KiAMMGqnD9+zw5L2vSBYHg8R8Mfqnfx1pI="],"block_size":4096,"path":"assets/icons/li-curcle.svg"},{"block_hashes":["iHStradYDU675iaBo/BT/vsCYrrfQTvgRdwo5fczMYI=","K8+L0JVLpkG3FYjSG7814L7uAG1PmxUIm6ePqnQxE9o=","Tzy0tKGI4QGT3wJtpVA0rfHWTlQohaDjXn+y7cK/KaY=","oTNkws2WR+dBMOxdd1t0/ZSa0qx+bbPQ4YeC8+FOsPI=","WrcLczrqsD7r/k53pHaHrNvvuSk4FpRVR6IT8rUa78o=","7kbeemfDxTUxoVQ2elaQkbpxp5qGwPUN0KP//Qhf15w=","L2FFycjqEVL+uZ1HsE5HLhFYdRhaHaFacEtkA80yV2w=","FB024KhgvkpdKF2/WcrNLOc83M+hy/olnSHobMplOXg=","iIJ+I7GGjXcF+hvr6rBe72sUiYivatlqMgoB/4gifwc="],"block_size":4096,"path":"assets/icons/loader.gif"},{"block_hashes":["ySeivrRmbFkcjhgssFIOxAlrSbKQRUnVALVBLVGKzoU="],"block_size":4096,"path":"assets/icons/loading-0.png"},{"block_hashes":["nYf/n0jo6Y6HU4Ejap5SAJWygYF/e3Hmc/xkmcUx/NY="],"block_size":4096,"path":"assets/icons/loading-1-brow.png"},{"block_hashes":["udaczT76jJvOwM+ZCBXLiagyjkfZM32ZmuFOJTXm4lo="],"block_size":4096,"path":"assets/icons/loading-2-brow.png"},{"block_hashes":["AbFpL1OP73CNC7urmB33kkMZ52iKIgJcZ+d1rvdFYKc="],"block_size":4096,"path":"assets/icons/loading-3.png"},{"block_hashes":["kkAfE+Eb8v8aDsyrHru7V+T3B+8oH+a6YY/et9DopiA="],"block_size":4096,"path":"assets/icons/loading-check.png"},{"block_hashes":["/m+z3/bAB8MS1+cullNeIgD6wfKX1DRk16rEfSD5mVc=","Tmv3JOlSM6g+1l53PTBUn0YDfmEaI+0MIeWxTkZH2qQ=","duSJmvOi6eEP0jDfEbL3FItJ7nnPXOHw9NetCUlx/Sc="],"block_size":4096,"path":"assets/icons/loading.gif"},{"block_hashes":["rqnxLpdWPYuK2PcgK7V/VOXn37oCJsT9JraXQckRgQE=","e+V+phIASYZfNLRr2XQSOmNwX5vEF+OTV/pasB0/76c=","2yyku5BwADpHy0lYZnq6VHPlGM3LZyNZwICAzweS/P8=","R3I6Cy5nm3VaybDBO9QpGIQebe8GrR3P+0Jp+ndQvbg=","VQedlPqRiQBdozzkUKMTLpCyIKaJaZcT3p1n3LwieeE=","66odu1rsBYmjw/azNofcKLZCIrs36HFVXU4wejR6UPw=","TouPHUT0Kc2kpLbNtKFXC3HWwzTUlnxKtgHkjrDzgvo=","7NrdwUCI6DPw3Jw+1vGjJEEszMQcJfMQRHwq2salGS4=","kXq2C4nKcxqBv9i23cGbl0xvn3LCPmCjXEkcVHMQXqE=","/Dv/p9HE6vSsAkmsN6em89ol7G7kI+eTO5enrCzvq3M=","bj4MkQXANMAum2Ee4yv/n0i+bVnlT3uQq2eqAup9yXY=","mLov9uccEmNS8aeq+TT7NonJMH9NVvNrTT0g9JdKgVs=","OEUPOiOBCqHxo0afe+kjlhBpblGQEkQ4S5GZkn/JF8g=","/2T3xtVoLgsDDBWLzjPf3mlau4MehEKA1yxmbRQXS2A=","irjaIPEOvUsii2UAr/EGZrVUz2oEClDXUfN7lsSiqcA=","qFVMTRvdAGpeoAZtrykoTPYuu8EwcJeQnYueVkAs0ss=","FlIvld9Dq4wt1787yOBkMGyczLvRjbRrCBByh4tlnC8=","5EyaM7YarG5HL1GhNFuHqcYlGSYBLDCwsXqv5BxWF2Q="],"block_size":4096,"path":"assets/icons/loading_img.gif"},{"block_hashes":["adpW6IFC6A7H6Q09ZoOZFLQdfBLaExL3hs4IkTAxKDo="],"block_size":4096,"path":"assets/icons/logo.png"},{"block_hashes":["Lsk3BvyYnu7lxAnHn8lvMh3lRCc5Pu67IkaV7HPtSlk=","5C9fmt7rpcqHdmi/VSWRT7xuFNJA27IZtuYnSXomhOs="],"block_size":4096,"path":"assets/icons/logo.svg"},{"block_hashes":["N3DWci3hwhv0UDhwPEJLbF9CTe+LpP1QlhiXRM0bJnw=","zSaJ4K8ohNzglZaaSQa9EGtcC5UdlreV4XkdcfDEcr8=","l0AGyXZGdKPKuq74EmJ9Y6QKFbZ3gI0fj2a6Nb91+/g="],"block_size":4096,"path":"assets/icons/logo3x.png"},{"block_hashes":["1RaLjA1Qj0qNsT/pNp5KsXLQ9JJqMhLNpg2qat2UgYU=","nyQjrCZsgLCPgvZZUTyUQPWiK3hcORvXLYEFvLmp7vs="],"block_size":4096,"path":"assets/icons/logo@2x.png"},{"block_hashes":["WF6xv1yWQ3Vfyixk4vYHoPq+xNs8SZsMS3wFjjmauik="],"block_size":4096,"path":"assets/icons/logout.svg"},{"block_hashes":["Dp+CRstg4GZg5h1ZO+LGhnWhui38OQqJ8FAMDHkJFlA="],"block_size":4096,"path":"assets/icons/minus.svg"},{"block_hashes":["Os1QF3fj3YridoTaefTm5FRxu4S3kzzS33eeFRDCe0o="],"block_size":4096,"path":"assets/icons/mobile-phone-thumbnail.svg"},{"block_hashes":["hd3hzp/x4Xs9RsXrdDo6ijCrfEq+rO5tYYMsjI3qPnY="],"block_size":4096,"path":"assets/icons/monitor.png"},{"block_hashes":["5ep3lUL86ZDa59oZLVK2IYnIb9tUjrYyhP5qVVgVZDI="],"block_size":4096,"path":"assets/icons/moreBtn.jpg"},{"block_hashes":["EbPzE6jizXASXhKep00xwS6BR/KDysL+ewFEBiKaUUE="],"block_size":4096,"path":"assets/icons/move-down.png"},{"block_hashes":["CtqXrjMq8k6qJ7rPBJ+LxJn09z1Ig/K8SPSvYkra72E="],"block_size":4096,"path":"assets/icons/move-up.png"},{"block_hashes":["qpmGOQhsqbC0F+9p7IyEl1y7L81n1nJ1MORXw+Qq8A8="],"block_size":4096,"path":"assets/icons/move-white.svg"},{"block_hashes":["alMeYDmgHpeyKPDM8hCCDCytgBp5ACvuNrOc8pEMWXQ="],"block_size":4096,"path":"assets/icons/move.svg"},{"block_hashes":["MnsX+B6W/N5lCdYqq+B6O/LcwzJ6iZeM+IXILovYIBk=","nWeY81YXW9wOTvUVo5IEReBYNVh+3Z6M02o3tO/O+Ko=","2UVwISb72owRG8ZSmrviQnqUWHh437dxiIYTE6T7nFo=","VcLHxT70MqiUPVNnLbvfROVEkTWJ3uPPtB0kTzPkzLs="],"block_size":4096,"path":"assets/icons/mozilla-1.svg"},{"block_hashes":["H9hrvSz1xxeW97Qdqbmjb56uNvYUQ/WPvFuY+ltwJq8=","K4h3+8HuM3wFqtKTBqeue5ZNFszOcO2n9dVWfqaoRcc="],"block_size":4096,"path":"assets/icons/mozilla-grey.svg"},{"block_hashes":["AZ6XE2DXkNoU5/NTGj7mtdusmtoFKAG8d8jBMkt2l+c=","vDuQzQXtXO9Pgg1+OU+Rsb9LhR47+bLerrKo636h4fM="],"block_size":4096,"path":"assets/icons/mozilla.svg"},{"block_hashes":["BQLx4cv/H9l0W5h5Q+XngTMv9HKrSQgYIir/1kDvGSk="],"block_size":4096,"path":"assets/icons/native-mobile-app-copy-3.svg"},{"block_hashes":["vSVgolXbkMAZrS7pk6u6T/nfOC0T8nfKzgUnXVl5qeg="],"block_size":4096,"path":"assets/icons/nativemobileIcon.svg"},{"block_hashes":["bc7kc/prSrDeUgjfLKa1pjFwvZMw9gOOoeW22JVyL+U="],"block_size":4096,"path":"assets/icons/next.png"},{"block_hashes":["KOoFjqiU63A/pkMQCDZcmiovC00+NNbpUceWjb3lWXg="],"block_size":4096,"path":"assets/icons/opera-coloured.svg"},{"block_hashes":["g+8c/h/guB761cmikPISiOmhSX1dEdeEuMY39Hkjb9U="],"block_size":4096,"path":"assets/icons/opera-grey.svg"},{"block_hashes":["QTYbcJfiUKyrrNTH728BJClf2vwAFfu8IzS7UuRTdgw="],"block_size":4096,"path":"assets/icons/opera.png"},{"block_hashes":["fA2IKYqX7bPd4TMcUKLDe8RNo/3MmDUa0B6F79jkGZc="],"block_size":4096,"path":"assets/icons/opera.svg"},{"block_hashes":["cHbPl99yNUSCoM8hXYTQWG4LvgH6V2DCZg5OSNRHG5E="],"block_size":4096,"path":"assets/icons/os_android.svg"},{"block_hashes":["WUoaCbktCzgmqLM+vthc6fz3ulDKbbyei/sUXyVvWgg="],"block_size":4096,"path":"assets/icons/os_IOS.svg"},{"block_hashes":["E3SR7uRvL5zs/dM+PAgGY6Hvux2t9vYHleeWGzj07ns="],"block_size":4096,"path":"assets/icons/os_windows.svg"},{"block_hashes":["rGs4rsH8WDV8rnHiMVpB8l3XqHf2V6GLlwqfGe/mA7c="],"block_size":4096,"path":"assets/icons/paste-white.svg"},{"block_hashes":["9G7WjY6SsSSz7MUVGmpRTkGXxiyCXdVWlfa9UaAMpdc="],"block_size":4096,"path":"assets/icons/paste.svg"},{"block_hashes":["D6vfH+1dQkjTYNp7PUKBUxeyR/ZpMXetaLUYJI1uJn0="],"block_size":4096,"path":"assets/icons/pencil.svg"},{"block_hashes":["cgX8od+8V+pWaW0KKShY4CzozYrJEbN5JLlU7ka0i4s="],"block_size":4096,"path":"assets/icons/phone-2.svg"},{"block_hashes":["YI4Q1XlVpAliDR6QUHFUnmJmP6jv/zR7W6Nk6viDcmQ="],"block_size":4096,"path":"assets/icons/phone-thumb.svg"},{"block_hashes":["ho3UkYEMoSGa45eI+667CQCHoGmrW83RS4xv9uVVtI0="],"block_size":4096,"path":"assets/icons/play-btn.png"},{"block_hashes":["iZ167x+Sy+80KD290oSxNME7owDfv8V3aFdMKiBgZns="],"block_size":4096,"path":"assets/icons/plus-white.svg"},{"block_hashes":["M441uyae6RmE/PypimkQ0TLpcFvsovfUtdWuVDY0cIg="],"block_size":4096,"path":"assets/icons/plus.svg"},{"block_hashes":["xk6UNFC6acg+8ama7aR21+wpiJermGQWXaGCPo9NMx4="],"block_size":4096,"path":"assets/icons/preferences.svg"},{"block_hashes":["kV9x/EuiB8djThb9fiGGabVJr8N9Ms22pBp15bLfaN8="],"block_size":4096,"path":"assets/icons/previous.png"},{"block_hashes":["D4vwmXXuhXxGgHfJFoVuKci23ELSMj2/7GvTliB3NkY="],"block_size":4096,"path":"assets/icons/proj.png"},{"block_hashes":["vIyA2XamkfEJtpsI7hmbJnXdp58iaQN7yzNbxda0cRM="],"block_size":4096,"path":"assets/icons/real-time.svg"},{"block_hashes":["uuYAjv7KKH4KT3zSiGj1WSlliZ/2AYY+isBxgw/Ch/k="],"block_size":4096,"path":"assets/icons/realtime-active.svg"},{"block_hashes":["7P26+jpj6P656RL26gI0SAqCrY4aCbtblcUphX0c0qI="],"block_size":4096,"path":"assets/icons/recent-icon.svg"},{"block_hashes":["JhEg/hMgdX/KpZw4P9yH0nHp3jPR/PR6Vc02tOeQp5o="],"block_size":4096,"path":"assets/icons/reset.png"},{"block_hashes":["cS4YZBKZGh3vLhAaiIAf9iIZAObS1KpQuOl41W+dvsI="],"block_size":4096,"path":"assets/icons/responsive-copy-6.svg"},{"block_hashes":["iRUV1GHgm5AkpFtQ6KDBgyGE4dgKIngZK2pyVez/Eew="],"block_size":4096,"path":"assets/icons/responsiveIcon.svg"},{"block_hashes":["jJroQLswBKVHWKiNbUrqQjiNnhZXT/OMX1J/No9tr7w="],"block_size":4096,"path":"assets/icons/retake.jpg"},{"block_hashes":["sUZWnQR46eiI8oGdVRVyct0uTJ3m+GjKZkZZLLChXFk="],"block_size":4096,"path":"assets/icons/retry.png"},{"block_hashes":["LDIqQvgWgJcQafMlHWJufLixlq1ab9sJ0vNnIZCDg3I="],"block_size":4096,"path":"assets/icons/robot-hover.svg"},{"block_hashes":["/mkV9ByhP4w7wcq+XUMfi4PrZVKPwZy07AY58YHMBfI="],"block_size":4096,"path":"assets/icons/robot.svg"},{"block_hashes":["WxofwKzh8uF8dovqc8KbYTgEFNZ/RUfnGgvv6r2c+uI="],"block_size":4096,"path":"assets/icons/rocket.svg"},{"block_hashes":["cG4L3z7t3n1nqvL2HitkaXuTqU8h1pAVg6Fy2Saw41Q="],"block_size":4096,"path":"assets/icons/rotate-phone.svg"},{"block_hashes":["EKNwIi2go629GDnCFHSxo3ad+Pm6j8NY6y/qwfohuJE="],"block_size":4096,"path":"assets/icons/RTBIcon.svg"},{"block_hashes":["2LCROmsG6UpDWL/XhGUoC7D2E0TYsarsYFDzVfwEXuI=","TIBp5dL+c2GoJaxXPRexySOXIhU3jAUadMHHSJequdA="],"block_size":4096,"path":"assets/icons/safari-gray.svg"},{"block_hashes":["q9GKwddig/R1VPAMstIEtvOV+xjNAGD1tG4jHdYsJhw="],"block_size":4096,"path":"assets/icons/safari-grey.svg"},{"block_hashes":["F95Gla4VB9iyhv2PMhT87ogYWV1rx3lDx8r4qKCvfWY="],"block_size":4096,"path":"assets/icons/safari.svg"},{"block_hashes":["3TyU6+JBNnxmg4++vxiPbTqq5fNc5q2tP+mmn/fj064="],"block_size":4096,"path":"assets/icons/safary.png"},{"block_hashes":["q7HJsf/VoAYNA4xq58iUAclXIdc6SOCd+bCtLbOB8yU=","+PBZCHLNPoXq0li7fDG0M9zZb5JTUz2GfGIvCgvfaAc=","qdpPgztjytadoMhFmI76LK+VMGFE6IwkgULmu82BANw=","QgxtoA/Md25sI4Yru6KU5a91TAhq8RaBUhJsbSZFTW8=","Izklfq+uiS/ywNaN34e3g87hqaiJviq4iC7WvZMtrYE=","6oBZOTrPbR4j4RkO5+24BRce5rWolXXWGJxuoeGt3IQ=","OyfHeFXgWppARVtNIsjs6Td2fb2fNoD4RIo0WyKMGcw=","7H5t7EhhkFGWLi1QNEHHtCue2I5lFw2RMoTaXhLklRI=","USLa92P6FIPt1DOgvr/r62v5jsxkx7DZpNUA+Fpr9Qs=","KUQhFzzFYx2OoPC1e7MfyOPsf45a/XPMV0R9CG2zuf0=","64jpAMK0OQ6tFQ1wuntEkjBx05tKEqRV6lOMkXSFDbY=","IuaI5EMG/w/sw2esHUm+cqpP0MlFjBqpH1/Ytv1EGAg=","dGNPHXa3geTPu1Q8Wm3TCjeG8Jitm/VV/j2v9GRjqO0=","k6rbgcDegpFsVaoh3gYpuSgMmYJf4qRHFnrwP9+ZylU=","p/7YzlyrjG2efiUOPzyWezVUhBmgpWGe91ZW2GAUpqw=","wLr/Zsy8D05w7pU7HjDYF9qjifiOHIR2ZcX8Ch56lY8=","fqrVZA6X+KWpgVHTbYEc+ZuSzgsgg1ujq4kGi7khEvg=","RlOBXCAMe7b0zCkGWEoDazOTSmmQuNGYAbOG+7Md/KA="],"block_size":4096,"path":"assets/icons/samsung-s8.png"},{"block_hashes":["gvRXlsuASf0tviyBuBs6r2QdMY3vNvuziIs3Y4HxR5I="],"block_size":4096,"path":"assets/icons/scale-to-fit-white.svg"},{"block_hashes":["qXHMdBO6vT7dV9OATdjzO0vsu9juMAQaJHLt5CrzZo0="],"block_size":4096,"path":"assets/icons/screen-capture.png"},{"block_hashes":["B0w+rip65g6P8KLm9q1bdBQX3MsJYycq47G1d2wAYbg="],"block_size":4096,"path":"assets/icons/screen-circle.png"},{"block_hashes":["gtnxq/pxj8GNeARDV0P5CMQ7yyj0FNVJckifN3rXJx0="],"block_size":4096,"path":"assets/icons/screenIcon.svg"},{"block_hashes":["rwGNQ1nxsA9UbhU0f5gJMPzw2/osHtgsm+HJuHc+IHc="],"block_size":4096,"path":"assets/icons/screenshot-copy-3.svg"},{"block_hashes":["c4jACQIX2XfngW14Bh4VCLhkzWMJQKAP7mC73kFg9RE="],"block_size":4096,"path":"assets/icons/search.png"},{"block_hashes":["UfbZJ7D97gT1v6OEMyLGJFa0A3IcenCPk86kx3z60T0="],"block_size":4096,"path":"assets/icons/search.svg"},{"block_hashes":["YiHAaOYgaDlSA2D8zJoEyZ784veZUBLM2pEgxcZFK1k="],"block_size":4096,"path":"assets/icons/select-arrow-black.png"},{"block_hashes":["3cracIkc+g1K4XWBTmh3kZLflFM+QErwB7KDHmhGSlY="],"block_size":4096,"path":"assets/icons/select-arrow.png"},{"block_hashes":["D4vwmXXuhXxGgHfJFoVuKci23ELSMj2/7GvTliB3NkY="],"block_size":4096,"path":"assets/icons/select-controller.png"},{"block_hashes":["edqyhBiidzylXphiMtKy/sjNSh36+hywR0Cj9C0Edsg="],"block_size":4096,"path":"assets/icons/setting-new.svg"},{"block_hashes":["edqyhBiidzylXphiMtKy/sjNSh36+hywR0Cj9C0Edsg="],"block_size":4096,"path":"assets/icons/setting.svg"},{"block_hashes":["CE7LGNSOAblXymYJq7aQ/rvKjh8vEZI444HaCHo4OSU="],"block_size":4096,"path":"assets/icons/settings-active.svg"},{"block_hashes":["A6wOtEnkCGevpYIoDnp8unyUUHmL2OMlzEKuaABCNSQ="],"block_size":4096,"path":"assets/icons/settings-menu.svg"},{"block_hashes":["lQfxgNgcP4vlgZfFa6PXVSZ94RtkHa/DM95lbtLd/Lg="],"block_size":4096,"path":"assets/icons/settings.svg"},{"block_hashes":["7P26+jpj6P656RL26gI0SAqCrY4aCbtblcUphX0c0qI="],"block_size":4096,"path":"assets/icons/shape.svg"},{"block_hashes":["sP8RxAyL47HMuhx0PgZkfOa4X2sNeOJETiTQtFNx8YA="],"block_size":4096,"path":"assets/icons/share-screen-thick.svg"},{"block_hashes":["xtANdkqRpsWvS/5bl40WZ/EMBn+sjzFOMp6JipPSBqI=","J1vV5FH5u2+z9bI/J+klxEJ3SSxHJYrPJMPRrB8ZGH8=","DMmotQTl/6043eEPoX5HkYTBZwNus/t16jBJddB8m1Y="],"block_size":4096,"path":"assets/icons/side-nav-icons.png"},{"block_hashes":["2p1NGVu0fj+e8Z1zwNa2+JeLINtzaWFDGb8tUem33A4="],"block_size":4096,"path":"assets/icons/slack-10.svg"},{"block_hashes":["gMcT+b4/OQAxbLySP5QdwexokfZEgBiduFRZgLDjY/0="],"block_size":4096,"path":"assets/icons/sort.svg"},{"block_hashes":["4hxk7mfuzw3JnYsYvGEMLplHhKB1ur/yfl4Xhc+UPBo="],"block_size":4096,"path":"assets/icons/sprite-checkbox-big.png"},{"block_hashes":["c0zHxbfoawnBAjFu8PiK7EidvWb00UT9jpcEIzNByvA="],"block_size":4096,"path":"assets/icons/sprite-checkbox.png"},{"block_hashes":["h7QDzVlY0p0aWa/NbvFCbrPTnEnkE+YI2fwFzLAip70="],"block_size":4096,"path":"assets/icons/sprite-controll.png"},{"block_hashes":["bQusooBOhJ5Sr8ArL7gugXX2hDamxaq3OjZRtr4WI3I="],"block_size":4096,"path":"assets/icons/sprite-header.png"},{"block_hashes":["soZJRPgXRdGwCj67bweW5WzQ85kJpYNzLEcI8NUBHz0=","ZTNjiJ/4utaZSytCYlvfdcjmhR/5uucmV1vTr5Mp0mA="],"block_size":4096,"path":"assets/icons/sprite-history.png"},{"block_hashes":["WhqDvPn89jnBLppmf5WaJLKTg8kt2Glie3pFPmqGM0E="],"block_size":4096,"path":"assets/icons/sprite-main.png"},{"block_hashes":["FBDuTtBeh+D2JJDwyblbQ0S1KVaTSU0dnPDi9dJNVLw="],"block_size":4096,"path":"assets/icons/sprite-social.png"},{"block_hashes":["B8mnJBEJAg3nQ5aMO+6pc+j89xlIoW2FNHx/VSVC2mg="],"block_size":4096,"path":"assets/icons/sprite-tabs.png"},{"block_hashes":["LKljphE2kVjgipiNzeNufO6KwpGnSBnWNhSsvVSC5CQ=","ZdtXN8H6GVnIfMAwIp7VcIMty5kixyTShK6Pgv623y8="],"block_size":4096,"path":"assets/icons/sprite-virtual.png"},{"block_hashes":["toqF3AuQWdoFOHBCGm7f6KooiTqGwNZUPlpBEP0DPdY=","e6M316WWJPtti/+IAjimhewQU7XQWKhl2ymFOvJq3IU=","6t2yHH+Q0Gvha6eshUPUf29E16wkpFEsTJn+Y7zh8MY=","sPn3uWNF0zmUUL5/ZD+tWRnfB+uAIukP04vOTxG+XKc=","IzYCfj49FJ2duEwmoS73ffYN6v1CB4+jM1p2qMxyhpw="],"block_size":4096,"path":"assets/icons/sprite-virtual_N.png"},{"block_hashes":["LWlchCQb+ubZi//XEX1+Y/1A+fueeHTbO16EHjgRZ3M="],"block_size":4096,"path":"assets/icons/sprite_arrow.png"},{"block_hashes":["N670FMAol/3FF/lMMrSDG/YgdSHrR/9eztCpKQWuxtU="],"block_size":4096,"path":"assets/icons/square.svg"},{"block_hashes":["z+WJPO3jYYBqFs81+6dZXpkDFaU5+C9TwtLu7d7Kmyw="],"block_size":4096,"path":"assets/icons/srite-image-anotation - Copy.png"},{"block_hashes":["AG0jUaSID5eiovZsuJ0C4FGcgJeG6+Gf/t/7g6gQPR4="],"block_size":4096,"path":"assets/icons/srite-image-anotation.png"},{"block_hashes":["T7l4t+3f69wWDjHpYNJ/Q8zZoRWU4XGYs6CLQZ8Bclc="],"block_size":4096,"path":"assets/icons/stop-hover.svg"},{"block_hashes":["N+9NysLu424r8H0QhxK4dFSfAkCq5c5a7uwBcoocTmA="],"block_size":4096,"path":"assets/icons/stop.png"},{"block_hashes":["AUIFqkZyAlwAhfpcxJnw27IHL2jZRkBCPqBiqkbAr3w="],"block_size":4096,"path":"assets/icons/stop.svg"},{"block_hashes":["MU3YgT6QfKIUPKZtqgsUFuAI9gO1fpMJqTwFxYSlMdE="],"block_size":4096,"path":"assets/icons/success.png"},{"block_hashes":["YdqCU7lVccWfDk82kT51zlCEYPg5cxXO1Ao2MYmcwas="],"block_size":4096,"path":"assets/icons/switch-arrow-hover.svg"},{"block_hashes":["L60dtutq1QvyofYuA5BhPE4Pt8qZE4rxc8bPNfF4QYk="],"block_size":4096,"path":"assets/icons/switch-arrow.svg"},{"block_hashes":["N2fb+TbfLEoAtJaLeePTSCgdwS6V6XD+l5k1swNEIOk="],"block_size":4096,"path":"assets/icons/tab-firefox.png"},{"block_hashes":["cYgCN9N78Fxt/yhkksSpCB9oWyg0YupCuGiBfCs8F54="],"block_size":4096,"path":"assets/icons/tab-os.png"},{"block_hashes":["FoRZS3z+bH6wdPSqFmxABKrdleUor4UBUtU7Qnc2YWs="],"block_size":4096,"path":"assets/icons/test-flight-grey.svg"},{"block_hashes":["XQm4zNht+urjdRJ6GGSHpp4WaRIZmNPEEf9TKZYdAJU="],"block_size":4096,"path":"assets/icons/testlogs-active.svg"},{"block_hashes":["KizB+kucPCaYqVp/ImBsKDYVuA9btglnakeOOduzUBA="],"block_size":4096,"path":"assets/icons/testlogs.svg"},{"block_hashes":["fdRKZdvipQw1VJIfgKV7HqTByHMKfWy2wvh5h/YSH0I="],"block_size":4096,"path":"assets/icons/text.svg"},{"block_hashes":["wzVKqZ/mMUmf4TYl9E+aQqQxiGqrxrXXUp8TtvD9GIU="],"block_size":4096,"path":"assets/icons/tooltipArrow.png"},{"block_hashes":["lo/GkUdweOFzR8hCK/RC7vlLbEgd8jay6L1Xm+Fbj4g="],"block_size":4096,"path":"assets/icons/uibtn.png"},{"block_hashes":["PBVw2vkfGqKoAJzLB0E1UIkt6dzspdg7KZkBxArX6y8="],"block_size":4096,"path":"assets/icons/un-check.png"},{"block_hashes":["R7mkWihj7a2oxLMcmM8Kh/jQCNR3zzM/cry8g4DsiwU="],"block_size":4096,"path":"assets/icons/uncheck.svg"},{"block_hashes":["xWHuiEJsxIFixgPh0yAYf08r6TXhXOow1k/0zEaqosQ="],"block_size":4096,"path":"assets/icons/undo.svg"},{"block_hashes":["eS9dBv5nWDW9Ca7mvYKuoSGw3C4U4s4Nrk88h83jbRw="],"block_size":4096,"path":"assets/icons/upgrade.png"},{"block_hashes":["GziKlM8m/RL+jXL9Jsb4up+bCXJ8zPNJqFyB34M8v3g="],"block_size":4096,"path":"assets/icons/upgrade.svg"},{"block_hashes":["0Ha97Ya9gwjpjsjEBHATgyawFeeQWGj7wQnkAkan0GE="],"block_size":4096,"path":"assets/icons/upload.png"},{"block_hashes":["uWxMkfoC+SjfyK85rwuw/J9fdLj4rRT1XME1KufbjWA="],"block_size":4096,"path":"assets/icons/usa.svg"},{"block_hashes":["LMTNTsrnl3UA8kobaARiBr8vgFU3GSbcX5Ohu2dcxoc="],"block_size":4096,"path":"assets/icons/user-icon.png"},{"block_hashes":["VuViXyCTfR9VGge83XmOZHVRnZ1Aq8ui8ZgFVLZ4quw="],"block_size":4096,"path":"assets/icons/user.png"},{"block_hashes":["g/5p3HMHLQCTWP8qj3LOlGtz9eeY6P8sy+dAzRSFI9g="],"block_size":4096,"path":"assets/icons/user.svg"},{"block_hashes":["L6QT1eaMzEEs1I4s6s+JI0ep6BAOD5/GpTBArAuoRZw="],"block_size":4096,"path":"assets/icons/v-dot.png"},{"block_hashes":["wXrETzpj75UK1imjEOhGOzOSiu/twQmOBtWD31n/vT4="],"block_size":4096,"path":"assets/icons/vector-smart-object-copy-2_2 - Copy.png"},{"block_hashes":["wXrETzpj75UK1imjEOhGOzOSiu/twQmOBtWD31n/vT4="],"block_size":4096,"path":"assets/icons/vector-smart-object-copy-2_2.png"},{"block_hashes":["uJT1tFPcKh5YXcTWwv314OKFyio7142cvFLQzMIovs8="],"block_size":4096,"path":"assets/icons/vector-smart-object-copy-2_3.png"},{"block_hashes":["dEGWAfbzcLX+EiBPcsongehdWbk1mZucHHcSR4wMSYw="],"block_size":4096,"path":"assets/icons/vector-smart-object-copy-2_4.png"},{"block_hashes":["JEZPuVRvqxO9X2QxeQNoac0kou/diUlxBOd6qDwl1Cs="],"block_size":4096,"path":"assets/icons/vector-smart-object-copy-2_5.png"},{"block_hashes":["SoCpvRPMveQieDUKSn7zaU28wjk7p4LSKKLK9CPi7p4="],"block_size":4096,"path":"assets/icons/vector-smart-object-copy.png"},{"block_hashes":["4t1/lKnzE/lU/5GRs26c9+tkav23OpbxEvt5sxi2rEQ="],"block_size":4096,"path":"assets/icons/vector-smart-object-copy_2.png"},{"block_hashes":["OurW2p7dYeZJkanriSOnVBILgaPZmlua+WnK5JSYt1g="],"block_size":4096,"path":"assets/icons/vector-smart-object-copy_3.png"},{"block_hashes":["UuIjAgPaRY7lliSDjONkiSB94JhDgV8HApkyIQg/Uo0="],"block_size":4096,"path":"assets/icons/vector-smart-object-copy_4.png"},{"block_hashes":["EomaVTiVMj/1+CvS+leP+LZLmLj0sMmcEh3T+mgBaTQ="],"block_size":4096,"path":"assets/icons/vector-smart-object-copy_6.png"},{"block_hashes":["O4Ye/J6hbF3lAJkdOwRYrgYrf2/Ua1cSajgr0k1kv1s="],"block_size":4096,"path":"assets/icons/vector-smart-object-copy_7.png"},{"block_hashes":["zWXCGVhWIl9rdHp6PfLVaD+s8o/Dj8+jlhg15Jz2BPs="],"block_size":4096,"path":"assets/icons/vector-smart-object-copy_8.png"},{"block_hashes":["W+I9j9JenB6rwIgE9NKRKFE/VUc+uirdFPnXnZCq0Ek="],"block_size":4096,"path":"assets/icons/vector-smart-object-copy_9.png"},{"block_hashes":["MsbQKE18ARITLm4l/NmLxILT2wwbJ4Yi8Vrxp5iZu64="],"block_size":4096,"path":"assets/icons/vector-smart-object.png"},{"block_hashes":["ldVb/Ky70EWrHcsq/QBqaB67z9YXQEXUQTxwPCL7b6k="],"block_size":4096,"path":"assets/icons/vector-smart-object_10.png"},{"block_hashes":["e3uhLR1e5iiBEoSS1DagmHLoM1GcKr/STt2okDql0DI="],"block_size":4096,"path":"assets/icons/vector-smart-object_11.png"},{"block_hashes":["0s7fEj9eSlUbejv1F8Miokm989oL13URv1dDJPoCVwI="],"block_size":4096,"path":"assets/icons/vector-smart-object_12.png"},{"block_hashes":["HZIVgdlTsisl5SbkLy+6mx4ejGfzbTTk/FAPWmdo2k0="],"block_size":4096,"path":"assets/icons/vector-smart-object_13.png"},{"block_hashes":["ea1XoYqPxO+46/JIk27NSvBuphyYF/rhHSMKhu0yqqo="],"block_size":4096,"path":"assets/icons/vector-smart-object_14.png"},{"block_hashes":["YWqUOC97/7znr63B0+MkcKYuNG5fiVXFQ0Dpid8i9hM="],"block_size":4096,"path":"assets/icons/vector-smart-object_15.png"},{"block_hashes":["PgojhKwudIpIH1f/7wEVK9Ydz4PQicD7zWfKHXLWKpg="],"block_size":4096,"path":"assets/icons/vector-smart-object_2.png"},{"block_hashes":["9bOIpjKPtcSflF6bopwjALD8ZKeg2KK+92yX75h/quk="],"block_size":4096,"path":"assets/icons/vector-smart-object_3.png"},{"block_hashes":["JYwGH5JW+JFXEygo9cxgW9AQ9UHuRDmc+PHRaJw5fIw="],"block_size":4096,"path":"assets/icons/vector-smart-object_4.png"},{"block_hashes":["iIsyb3TFZTOs9VAD7b3JVGIxGNOq7khbMoO+YrHvErA="],"block_size":4096,"path":"assets/icons/vector-smart-object_5.png"},{"block_hashes":["Q6RVF5LnCB23DKdb43fpRR/X7f6bBg31uimvOaQHHGM="],"block_size":4096,"path":"assets/icons/vector-smart-object_6.png"},{"block_hashes":["1Vhr/D7K9jgJk8X+8OBozHlEl1ubhCbLYRKhTyFtGqE="],"block_size":4096,"path":"assets/icons/vector-smart-object_7.png"},{"block_hashes":["sdHbCAusFu5XbbQ3+yfHIQNcPe6OQcYChq4z6h6TUtc="],"block_size":4096,"path":"assets/icons/vector-smart-object_8.png"},{"block_hashes":["YeqKTjCdBIBO0iOHJWXK7S4e7U9JDf+B0QyT4hz1Yxg="],"block_size":4096,"path":"assets/icons/vector-smart-object_9.png"},{"block_hashes":["DVS1jxwNcYpJZRaalGwyYpzpepwsmbv7cNUIo+Lnq74="],"block_size":4096,"path":"assets/icons/verticalBulet.png"},{"block_hashes":["5w/cAM34gLWzU15CSMAkGKbM1ccmO5Ou/LcGQDyXcQA="],"block_size":4096,"path":"assets/icons/video-camera.svg"},{"block_hashes":["MEpwodkLG8B4BAy1ArBRJK7CHFgm6ZX3F3Hcm++6pI8="],"block_size":4096,"path":"assets/icons/video-recorder-white.svg"},{"block_hashes":["7I3D6ojQs32FW3k84Dgyso71E/C/bAkAuYoI4wcH6CE=","OBhewfGJ7XbM5bd2jvRKTjgHHxU5MLLtcSLmyjW6sb0=","1eg03h6mbHlAaPzzcDG1qx/em6NyxgDY2CUP555RENI=","TzrS1P3B9dk4ynkdk9sXWyH1Ofvq+Igymmaszh2TEyA=","uUgwDb5EO2N72GIhSaJOysMBWzDGhgB8fopNQra3kk4=","eDHXIPFQHI97P9sh9usIMISZHwS6fnuEdHc3zuWYEas=","BdYXQCp6r4CO60EuHMFIL28994ZxLbgjlfQO91WV9+Y=","REOGs+x+cJ6NNLyCqk4emf/zZ1U8K7htr7eqSBbqhQM=","7lTq3IrO8WbPToLvisxx6JBBIeIB//aixk68Y2NWeus=","D2/EKjuqnC+afVLVGl0oTK7yjKYY98vZs12ZiN7gixA=","FNe9pkdBBEb1eyaQDc3VWKz2PwK220HPiCq4GGwR+Yw=","HxEhtexXpQe0/dDMm1kvX6xCVuOhGAm8Ed4fEVgm7QE=","6h8/EUlADr2DHHZxMX92Qw/l6C5EboZazFab4oPme2w=","vPSHXr2g7cdx3tI1SkxkQuXP48onPltSyTtG0jsLmnI=","VG3AYPkc4Z5XuW6hqI29Th1cApsyOnDwU8Jca8JBj5U="],"block_size":4096,"path":"assets/icons/video.png"},{"block_hashes":["YHVdeiC+MIq+uWubIMfNU3uQ95FhNSfovczqvokZkZQ="],"block_size":4096,"path":"assets/icons/visual-active.svg"},{"block_hashes":["3+l6j996SBlztmWHyIUNO0HjPFQiRDbWxeLHozeLw0U="],"block_size":4096,"path":"assets/icons/visual.svg"},{"block_hashes":["cmQXzRCpQc42J8iaYH1RmhaGSf26mDXPyyzpHP8RHLE="],"block_size":4096,"path":"assets/icons/warning.svg"},{"block_hashes":["1U8rsUbxCJvbztGhOC9oHYsgWlOsrCSCmLmNSS8zXVM="],"block_size":4096,"path":"assets/icons/window.svg"},{"block_hashes":["YlP8IO3HAT/Orujnp3sEpYgM0JO1apUfBro1/3rNRF8="],"block_size":4096,"path":"assets/icons/windows.svg"},{"block_hashes":["yING+7aarwXcL3/9kUqHMAS+3hJaMuuuByiEYUufCI0="],"block_size":4096,"path":"assets/icons/yandex-grey.svg"},{"block_hashes":["sDGSvAsIjKG85WaS00SHrywgpBBh64uCHsof/YlVcy8="],"block_size":4096,"path":"assets/icons/yandex-red.svg"},{"block_hashes":["sDGSvAsIjKG85WaS00SHrywgpBBh64uCHsof/YlVcy8="],"block_size":4096,"path":"assets/icons/yandex.svg"},{"block_hashes":["+Va2KmTNGn9s/cG/EwVIurA4IrMlQ0op1HM36P5abZY="],"block_size":4096,"path":"assets/js/app.js"},{"block_hashes":["FCJnVAIKXLZJYNPb/R/ErbiSBj2XaBbFsqMs1aAxSL8=","OchA40GQrWGNTdRL3MrI8oq4eU79WxeryOwSnbNzjQM=","wLLtTaoF7+fWdNlGHilXVBo8rBBeAcyK2oZwatHVHEM=","tDxF8fPYGgdKMZzV/WW1J8tlC0tZJxwT4bXE2p6N1GI="],"block_size":4096,"path":"assets/js/axios.min.js"},{"block_hashes":["fHKGHEPNC1tKgc6gQrJvIRJfztV7yUexdfMuLlmkGqM=","Fqe6lA4fsMWHizdZP1Xj6UlQvvOwJ/5IaSoegPrV/0M=","W1FIYLU1IrSAfKwn2HdQS1XUivFOJWw2zTSrsS1aino=","r7xAm/3pcqcPNxTmcV00utiEi7uj28wcZtz49Y3w0Kw=","0BoWThT5baEh/Re1HlBR7GKJTI+GwoZFbwQBG5Ur3Y0=","TMot8P0HIPhBMhznSqxdChdo1JXhdre0qSSG+0U0JQg=","dHMbHcQNn0OoGbRBUnS/dpAS6eG2hRVZ7WbGedJ2LPI=","eHcxST7j18FJMnX6oyYgaF1Jz7FA1Yn27jcbSWIvVy4=","R3xFPHYWqrT5/x+Y/OhSyLuAITBT/vL3F80HpktwTPM="],"block_size":4096,"path":"assets/js/bootstrap.min.js"},{"block_hashes":["tJFscgRofbXTONENfuLbhDAMHfYFoUYun5/+X5gnQSQ="],"block_size":4096,"path":"assets/js/config.js"},{"block_hashes":["r0IN9bnKipU06AbfKpUes/IrN1u/871QDxMU2uOR7tc=","siGX9Uhl50tykBN6LIop5Ka2TkIzYqDORippBoX9sNg=","V3kBXzCx3tPzkqtGe4nML6fRxRMiWsnDpYkLQ2jXTGc=","je+FHRl3gNIlx5zmCk0EA5CwmgEkWu82rYtOo8NcvQY=","EoGQrLdC9uM13zaglvWWv/yHEnxh4EWGSVcqqAZNlhQ=","BzLNRzD+3QENkcRDI/m0yw9bUQbmDJ1vQQziTt2b3Dk=","9Hm8z17pIbFWaJKELM+RVQY/g2m/BcVTFAR2gaSy1RM=","65Cu/BDUhqU4ALE1Etaot7cen0LCCwD+rUqsmsXA/eA=","+3lTMa1Rj6HiXQ0u44+xLugAJQXrNVE8SteatGkt4e0=","Twp8++w9wDpuIU4wqOSYue7CsDMhuTE9SsONUSIkL4o=","e+zf+BpRoP/yvLoSL9/nmOXvvBQN7Y2d/q7UA+hjHnw=","9QwHxboyqi3LntDQcgUP1neOdSLE92dTt+beBxLA9X8=","f9mIhVuGgHjjqPlFy4Dcw33C+w+iinkcjLiUOU1Y800=","oZqoCKzinXAbbVsGseoonW4vQ19wDFwPJrpT7rcr9T4=","ML+6I12X6yL4a9l/aT1+MGkSzHJnnTfKPK6bnRvXUcY=","YtWco/+EfxamXpiT6qBSX3i93tDOkQJEnU8CiEkE96A=","sFn0Kj5Zqdzh7olbmwnZ+NLs+/ZhYtRR1Yeyf6nVzbA=","vQSKRXACXdvoRgTOgUlhNYQZOv2+jm8GqzkoFWv04Bo=","tgp477RjJMGW9uZrg4l8K6LSpRcTrhKrYRqY01Hr3vw=","katZwqXEp/0dIegX2UthI0pG6q09su897cQd1aDRTEo=","7OsqaR2jyQ16YA3Uy+QJoAz4oyFahbERSeY8ThFeDZ8=","lJKOTkHZ6v96dX1qVg+WZM6JI/TZ+WW9Psa3MkV9JsU="],"block_size":4096,"path":"assets/js/jquery.min.js"},{"block_hashes":["iq3H8sNKA6/IqLFVX0bhUAk6+jUNvABTjsiQjsRp6Dw=","edYFo4fEF5kFJpvXDmaR574ZltwWQm66D9vq8+zpsLM=","7oc6xwcEJGDf5YfDKgZW+mSJHcls1An398CiMne5tFg=","WFZdBxULX3ugq5km/PaKw7NCFNNDLPwlcfyl+XzpPAY="],"block_size":4096,"path":"assets/js/screenshot.js"},{"block_hashes":["5AZRVKQVfRe14AgWwXXPQs2Wuh0ed325sCgk9SdNWVk=","kW6AWXxzO1/TtAeopD8vj2hc3Aut/w9PKbPgvyfKVCU="],"block_size":4096,"path":"assets/js/test_log.js"},{"block_hashes":["kpnG9SJ34GdTQSjnrNRQ+DT/wosPtNSjWnJ08wJRwYM=","/4ixy8tbdo759Hbnw5vyOtAf6hkHh4SzgzHntvtEB9o=","Ze5c7xJvNhlAgcKlN1ss0LQRnZx9zPbsoZlVZUze9Gw=","exMTS7vRSoSB5yHu3OQ8ZiYM22JGC0pIiYSdSaUYHVo="],"block_size":4096,"path":"assets/js/thumbnail.js"},{"block_hashes":["9l1cmx2r9PZVituz2tWepWw3BmxNm9Ez3VRPxQyIyfA=","rAMJF+OdnHquVGzdEJp8OYHn4I8pffi8ZR1j9Tkn2Bo=","kPAm0kEmMfS/wGM0hK+2unzooZxNMGDA3NElU7jQCeQ=","HgoWZK12cUFmmRtb8+Ar5TcPOXUQfHGnqMvGLgewXf4=","8cZbOE/Wwn17LQIQNmcoRKyybOgNiNyCDnDrMHIwrqo=","Y1ZfX/9CAMJ5zzhevGk1pWcnKToGaC3IJpPZL4ge6kc=","ZETVGL/eESrkLf8dBdAgSe6PD+njJTSx/j2a9i95fAA=","wwJgyOmPz6RiE7wahoDSi3zUiDZcivigRoFYRoliDzU=","JRr0ij0a81Cd8k6r655eRygicZz7DfB7OwE+hFDj7r8=","BfeXKuk6EQPchxktU3X+K6XOzCkU4TP9lOSccRbu43w=","iEMEF1cdKFnWgGQaTZzPzS6X6dMw8pXrFy+KcDFHbos=","9MDp1NUSAbWx82GKJ5D86rc3Yz6xMqaMLkq0MAwJlcI=","rE4QSzyfLAfKb0/BGUPSmvDNNKWjORvJW9fVLwziuio=","q0uzEAHBvAUmdADiefY+PPLIPnOIzCy3oYEBQlAK98U=","7YCnCpL6D5DJ9Y9CYErJhLPeVYZfjV+WLMTZPGyV4bI=","UlnEkFDclWA6GEvgnV9bJfmTeaawI0uS62YNBXQ2fKU=","lYGy4G1eXnramd39Ypz1oqdedH0VB57CB1bmht8zdaY=","2zK2XIRgkSosFmOedqydp2FqDIvRT54/88l5QQ/PL4I=","aZ8ghMyFTDyh/L47sDK4L5VavUDbLV2LOlJwTB1iVsw=","sYl3FKuDTn2/UiL/ODs/6HgAQT6Cwty4yVf301b3pFM=","X6g/aX4aSycjMhcwq5CHVCmfxAIuer8P7DMb230pUSI=","uHrwaqoXPcISJX7hQFRSiIZ0YSyGkqw63iALHaAl7GM="],"block_size":4096,"path":"assets/js/vue.min.js"},{"block_hashes":["Qbtef9KsgKCYpaZ9T+5aRnmNIEOKpsOsdQ2wbPN4VnM=","oR4joWeesBnLWlEMXuAwHThCv7lx2rObmqSJ0NrEVAo="],"block_size":4096,"path":"assets/js/welcome.js"},{"block_hashes":["WXAj4XXj8YdjwcTP7nEEomFZS2tWCDCBCRkrPLKoe8E=","JcNIBE5nf76B7wDIFsAYwTn8rIJF/rdbofqVQSOanxk="],"block_size":4096,"path":"assets/launchers/device-meta.json"},{"block_hashes":["M0VvTDXM7dPsGHQIulj1XwXF5iN6fyV60CyEreSx+ac=","cauOeUrX4wWv1duOTZcOzjLQHRYb0kl6V/B4gvYtQKg=","QM2l/Il0smAKtx30Pr4xTzC1TT/SpMtufR9WeoTDTOY="],"block_size":4096,"path":"assets/launchers/responsive.json"},{"block_hashes":["GvJuvcWzTXex7kf7RAQk5QH0Yw6Bo5KEh11vUQHNGyQ=","Dvv4LPyYCBKFRzGwslC/lJzHlPVy5fSPlwgesIZeIpc=","U4pDxeVe0fftFVk3z68gAvV+mjviB9MubeCrVJ4ykmM=","Pi1Coi0KludOvK1ZWu4qcnWcTzyDHSSQJYOV/LKSUyE=","ruWAWwsP4WO63M0G7xf8oio/gJYTzzOF5Nk42LK+BMU=","aAJvwK3Jw6N2kqaShIr0OUx5B/mAcciBGPM2+FWA0ys=","k0BZYox3OgHerZPhB2ezYHNHvdJyG+9erXKPkqGAR3E=","+IAKWdo9W8dWTq7jPFiX8nZ+AwWSqXqBu6muh9FbAtI=","yyOeXke6KV53YfIJe+4bS/Z7CUZZ8RPkWBX6epWi3/s=","xSLSW5uX7kn1RULp5ZsOUZiNgCmUb2jO1XE61cq9AEw=","elTyV69CIKrNA+9K3XhxIRTf+44Cpm+J+roBu8U/w3U=","z6XlR0LpfsKETmILyN9YGiMUiasxaIMZ4RmmXV+VbhY=","aopBtNaQM5omwRQUy4IewTpbn4iwBMPavLAxvwkFks0=","M6ePTBUnjLZBTusf3Z1NWvGoQ4W2dcufV7+ItkbngJs=","k39sWrzpmmjjoMgNu0Evw7z9DKfmn2fr+VUn5DK0ILo=","sOMIeILPa4LClSQXZ2BM4ZPt/dAhECNHNNMNCtrIMd0=","efxS10Ig03HnOaux9oFKr/PAsoqeSY+Pf6K8FEV0v3Q=","ipCupaZEanFf66Yp45kGdQxuFPHymxJ6aQ0icBmVfu0=","+fYY/io8ClUcNm13iZcOnV6W9rxyrdtF+2Pytt8jflo=","aVCK3wsjYz7P3ABiDjGrBrHVCU0pzCtudJACmGC59HA=","zNEdi6H2UzNLIUAPLRzcIfBfRfEKs15PLY4SsIh/RKU=","zP2YUx79PiMFkVuG7RkPOFmeV5of0ASQSK0seRZrfcg=","i8YCSma5K/toXYrMuTv33n0RCNOdNZMYTPvOH23NDDI=","+l/aG+EhU9mQNLXwWEI6SL2WN25J2zxEzfhorczLYho=","nQMJlurhRZxgQok/MWIMXQAiRbPyVeglUR4JmZJf8hw=","5Ez5k8nR/PRUjUrmpjK16Izk87LK07PEPaGjuIXMd9A=","v84RS0QHa2HLcFNS0+ryXNiKxLdDceTCQbhIU/Ck+Ag=","nHl35ufIjazWhNYxYuQdp4XKVN0j+xTzbsTs3pQ201M=","0FYrcG6ke3B1sg44/qtIAu+/QRuoGkvmFtWpoiuB0hg=","Bc8pYIOliTx1f6fsMH+QeSMcbJPs1CFWb1HVXeQ71qY=","gKw3C8dTLOzEODmBjt0C/zzPrApQrX+wmiRlqvimSnE=","pqMPBlJyABo+hcAgb6MTSeDSPnFDsyx50unHXDBo9Jc=","7yO7tCOANLbmavmYc5Cv6tehrOHNPLsbacmf3KPVBNE=","nRqhPyYESZzJqyzkRwCmq8OHaa551yDJobynRyT8+JE=","okvlLmq659dTn4gIekoDGcAMOLEcfhH2SSSscDzL6iA=","uN5G9ayFhwiKBQ6M9mikUerX1ExpHf1sl9NxlACa8kk=","8xmotU9FbTygXURDTBJux4iUUAB7li2v8qqWXcrXQ/Y=","40CySfCvj8CHIrG+Wz6eVU/jgbj2jKzPOfGe84gZSLQ=","JTht1uIYnLVnmDaMoS/kz5U4PWGUTuYApxKpENMennQ=","Vk6yjBoDweLHrxJb/CsVYoQX8xNhxRsGqFVlunKdRg8=","Kzhy+YpBZCwxwlGoEv2OZimZX6gu3/+KA8feBRTUuJY=","9lcDbp4l98HZLtBVo6Y/w3MiMz08LKRdhpNgDPU4bOE=","jwxPVkXevLp3MtoPd65YpcOGtpXKlKIhDzS71P3bOqU=","o5aIWKTJLJcYK3Kjtgoic2pgWj2b/xk1yIZkhHnwVNE=","TUBUiEQAMDimafB1GnEi4eKjqTQKI4KZ/j2qML8gWLE=","0Kq+4ZDbLWnS50YDGUDJ1lgmUNC19tP5Zk8Io7E1tqE=","+9XqbcIUfSX97jHWeqNt+i4FQCy/eYp2x+2LBncA2ys=","vZf4G2sXp2u2IxqIwYLOPuWAja4NL9Jh5UHCLHu5HdQ=","dsAI4va4eyTFhBzl4yF991dk9yj/4ZE/OOked7T8qsk=","wbErnEhkJxSjjiAzHBKJiGV+GXevvO6HO/P7yGqQUdI=","+FXlc2FdCYL0J6kpkkz9QhqFN8yoXQ+NXpG6684xkOw=","WABCjSC0B5LIma3rX/W968Yv0a1c28FmDueY4C161fM=","/gnHVFedoyhG6gcaWg7T2EFxzrHDJxZR2GR2/2Z4Ziw=","gN4x8EFBKuf2EsNwZmLCAw7fMWMmw62YuUxX2BTZWCA=","DyzPgonfHbESmF+U4lGl6ZpAXAzzagXFMJbOZWZGXJ4=","Hv/F9nWMuNW72kPrDqvNkKPCvqI8L/24mGNtIpbIi9s=","f44hM4DnsSKyr19NOd1kui6DQ8ljBT/7VMnNEcZmxGk=","PZZKrRLSB3/DGR3ixkYizORvJbQamxMpbTu1eLQ6RSs=","CrA4fpOn+tBwln/+lpe1/orQbTiEj20hRH8yV2cW5kU=","S5R7pY4WTBxQWJYh5XY17iATYFuG/njkfkXoIu0FDbw=","ZTBmWQR5uxQo+nVqYCoyoKUoMufFydGRzb1kFpJcpjA=","fgMc9r/31dLTwTLnFVL36w/pQaobSsNz/wnQAdgSBrk=","cJUyuwhHg+eTkNQhtnBwwmnp+tBm6txKYMdUjo4dlMI=","EegBO7ktkNpA3vg5tKSuOWePbT+q3WPIbP7bTvu7VIA=","/5ZbL51uUhzVw0j2Ns+FyJzotMmmU/G5kUc5D1BWatw=","7jUi8AFGKqBtqfFtuQKNJqka69MWSKo5w3ftv+yibpc=","Xycc2Vyyaucpu4RyLes/GZ0X8Eeaz6tNIsjCe9PA5Ec=","ZysHidtvHMbihNi9qHsuBd4/ZZB5bz9RnajgKGMM+ZU=","eSaMCcoULS/fUmv2ve96UYJ/tj3tUlkeYp39UV5qflE="],"block_size":4096,"path":"assets/launchers/screenshot-desktop.json"},{"block_hashes":["nE1cF1NdEcD4iCVpEMKnk7hw4uCeVTG+BBTIKR0C2fQ=","Q6x8AGVvJtw16Q9/9eF0PM2i7DT5CV8is7KpTQncRSU=","lX4/dR8Ns4ntnHBjiQ6MyTdM3UCp34/YdxcI4SG57NM=","qF+i86K2wE4+h85JQj2nI73yLuJT0OHlsDZRgbIstW8="],"block_size":4096,"path":"assets/launchers/screenshot-mobile.json"},{"block_hashes":["vhRKjfkYCitoy2qb6sqMhOOE8bsBjBLS7hsvLJkLzGg="],"block_size":4096,"path":"assets/sample-json/preferences.json"},{"block_hashes":["JVXKAv8vOdR0onyGcuLw/26JuHx82VTVJ0YI5SjTlSg="],"block_size":4096,"path":"assets/sample-json/resolution.json"},{"block_hashes":["d1g9OgXqo4H+ab+HZZaSndplXvO3HEkRJ5CcO0IuBQI="],"block_size":4096,"path":"assets/sample-json/screenshot-preferences.json"},{"block_hashes":["ykb4G0foreHBB/WLWHM86HQOuiGy0ex9w+E5FiZuUY0="],"block_size":4096,"path":"README.md"},{"block_hashes":["fXEaWt7GATPF+8zb139xwA6HbK4HBQzVg0rpcOLExVI=","AwakPdILIGNdi/V/7lyHcxM3/YeAJ7HdCCeGc8TSTzs=","I391Nf9ULODK5uj0iipnnbQ+n0djiOq3phIYJXDzEEo=","LLG9gnZysDEcQUzH0RIHamAGHA+mBdhxIgF1e0Ilrqg="],"block_size":4096,"path":"screenshot.html"},{"block_hashes":["zmGdKY9Pne4LqdjBDsj0SncxC7Lhlft9HW/hyEHiNd0=","4zQVSXUgxxlBTy6mPF3tidaxmWaj3ID4qAH9XdmIWUg="],"block_size":4096,"path":"test_log.html"},{"block_hashes":["/I1CFbVXJYPSH/I3IXjMVxf6z1aKwmRlGuwNE0WmtVI=","efmF41r0jGeMjW7OIbntkM2xGPCORrG6C/MuwKbCsEE=","7K1tn8rK99+frnVo1zOmOYFavUEoZznHEkQ6wy000fI=","c2dsYXT8GGNkjeNCHVl8R/uiQYqWE26IVp0Wh+BIW3w="],"block_size":4096,"path":"thumbnail.html"},{"block_hashes":["FIWOSQvfYw2xI+AQ15tMG0+H7YvAdu+7wbWtAXtQVQQ=","Qw615trN3wzpWPvCeFT4bZkDytKO7ffJYb3+4TF1Jfw="],"block_size":4096,"path":"welcome.html"}],"version":2}